date,gold,crude_oil,eur_usd,gbp_usd
2020-01-01,0.0015235853987721568,-0.004982093130011948,-0.0030148915628350186,0.001106876269881142
2020-01-02,-0.005199920531202478,0.006164509670513483,-0.0019611300646014155,0.0019758657140774316
2020-01-03,0.003752255979032286,-0.013889971403642863,-0.00928405200970083,0.0016154162896895032
2020-01-06,0.004702823581956069,-0.001737617060967596,-0.003394896571759911,-0.001580624359842436
2020-01-07,-0.009755175943269183,-0.005900003892336295,-3.783648315575318e-05,-0.0055081091478713096
2020-01-08,-0.0065108975343115905,0.004022851507924183,0.004651889288114461,0.0033291654890335795
2020-01-09,0.0006392020158364269,-0.003375569760717307,-0.003856150831173194,6.256879710765226e-05
2020-01-10,-0.001581212961717911,0.0020197701036780576,0.008286880601162483,0.004441787624173251
2020-01-13,-8.400578752144398e-05,0.0028273020958454655,-0.0034227801208990033,0.003950377747361157
2020-01-14,-0.004265219637867901,0.0091811291986501,-0.0034154590079258735,-0.007108810345235578
2020-01-15,0.004396989874314143,-0.0010147097183768512,0.007686787759489011,-0.007171111037288016
2020-01-16,0.0038889596771447417,0.0018802218481130568,0.0010573007618195859,-0.003777703593702642
2020-01-17,0.0003301534878060802,-0.00742527739563718,-0.002760123645057883,-0.00528132704145334
2020-01-20,0.005636206034840164,0.00595206781646872,-0.0007756656559029672,0.0037762588798805037
2020-01-21,0.002337546711260228,-0.003802544240356823,0.006765367887710296,0.0017565483799395886
2020-01-22,-0.004296462314416191,-0.002803770820438728,0.007331014098128409,0.005495919968926554
2020-01-23,0.0018437539204124943,-0.00011123897424605368,-0.00408396589635128,0.0019824340870545913
2020-01-24,-0.004794413004144994,-0.007814421726699248,-0.00021216905039554107,0.001043247909366845
2020-01-27,0.004392251506536363,0.00114385014464469,0.0004507841383378654,0.005998648901720852
2020-01-28,-0.0002496295549312645,0.0048373313646250535,-0.004931200552582988,0.0023486366986752425
2020-01-29,-0.0009243118177263028,0.0014646691174864579,-0.0002784252632499715,0.000340504817188594
2020-01-30,-0.003404647722019707,-0.007944487820893626,2.6614302258502437e-05,0.0074022651696534275
2020-01-31,0.006112706693370151,-0.0006190464716482979,0.005701047394683678,0.0005759044157639503
2020-02-03,-0.0007726474103440108,0.003710144514897453,0.006037125141556005,-0.0015217030245896082
2020-02-04,-0.0021416391108155363,-0.00938994382982954,-0.0016460469917950402,-0.0041891162938882485
2020-02-05,-0.001760667752441148,-0.00537383006908857,-0.0010697657193040585,0.003515127295227056
2020-02-06,0.0026615459277667436,0.0043827180204076,0.003321461510278178,0.006185252709212345
2020-02-07,0.0018272203218203918,0.0013504771709864328,-0.0029259422446350574,-0.00025293700716715034
2020-02-10,0.002063663057979942,0.0020598579106337694,0.0029432007586870134,0.006539578118899193
2020-02-11,0.0021541050150394136,0.009297474038116559,-0.00043953243684607366,-0.00985007515985788
2020-02-12,0.010708238004352307,0.002342763892531013,-0.004846992888693104,-0.000277266874039574
2020-02-13,-0.002032075081923078,0.003289440052165897,-0.004784183564398233,-0.00020047456052218096
2020-02-14,-0.0025612136453576867,0.01355372763609163,0.00723529348015551,-0.003634971862036735
2020-02-17,-0.004068863641239389,-0.0010690227904524535,-0.000782107395716493,0.011919305189909366
2020-02-18,0.0030798971128774785,-0.0039894138180924755,0.008201770469491556,-0.00033096316344380583
2020-02-19,0.005644861463604458,0.0021389819912356637,-0.0025681813035745506,-0.0020386538580221664
2020-02-20,-0.0005697372882743754,0.0021949551469444746,0.001456026005657467,0.00012981056716752508
2020-02-21,-0.00420078238481264,-0.002633576959731041,0.011963383615091208,-0.010014068692629148
2020-02-24,-0.004122406078456198,-0.0051619850977742375,-0.005286933723316396,-0.0037993396267245755
2020-02-25,0.0032529639391235057,0.01154922211045039,-0.009489072499498883,0.004916199847227021
2020-02-26,0.0037162708560172114,0.0016342173519401145,0.0064329506564361665,-0.0031447267746638734
2020-02-27,0.002715771341525975,-0.0036614269070103784,-0.004134045526965368,-0.004144375814001357
2020-02-28,-0.0033275485364434717,0.004579651511397993,-0.00010353182053116888,0.006547628182572002
2020-03-02,0.0011608066153335989,-0.0005457257578066725,-0.0029295910522579246,0.006701272004759145
2020-03-03,0.0005834290457036412,-0.0012644072315891564,0.0013408139047765804,0.0025849523608057093
2020-03-04,0.0010934429836450647,0.002811364359572466,-0.004752681035928711,-0.0022755866701933366
2020-03-05,0.004357143889740949,-0.0064594113411584496,-0.0008997004394165305,-0.0011973553255816176
2020-03-06,0.0011179777438734115,0.001763136019585862,0.0022490766327826713,-0.004020749807874795
2020-03-09,0.0033945678153594746,0.009564774038658762,-0.0050415444313713096,-0.004973865595143225
2020-03-10,0.0003378953474444573,0.002330888310986554,-0.0035004201482294445,-0.005222082441542162
2020-03-11,0.0014455969934499208,-0.0018810605189173225,-0.0017369141679926588,-0.0030902720339260376
2020-03-12,0.003156441129192702,-0.00253552640214121,-0.007144077171131392,-0.0051736049534237254
2020-03-13,-0.007285779099278332,-0.002051699866725547,-0.002112804913993732,-0.007818525592715744
2020-03-16,-0.0015983560817865068,-0.0012698133902389053,0.0005939826995145092,0.0010970133487695286
2020-03-17,-0.0023518632714639776,-0.00188903266379136,-0.0019977447079421425,0.0011729779044671854
2020-03-18,-0.0031943892412167095,0.004581557205372834,-0.0013568824646586228,0.008503963792141583
2020-03-19,-0.0013757112561334187,-0.008666045516044916,-9.950835453292678e-05,-0.0033416918417735132
2020-03-20,0.007474706556171979,0.0043100002520606705,-0.00327871731216157,0.0014805029481163529
2020-03-23,-0.004329155578466216,-0.0018984326257128056,0.003455312829334386,0.0015635628963740083
2020-03-24,0.004841391772957404,0.0018847389284768613,0.007179890624008879,-0.0012691878056276655
2020-03-25,-0.008414348858079025,-0.005634939551004319,-0.0023219019609772426,0.0037216679437483808
2020-03-26,-0.0016744251499288742,0.006643155334247181,0.0024259911573885355,0.003876145934253572
2020-03-27,0.000813765325525028,0.006228174800859365,-0.0011980857771732346,0.0016370554759876999
2020-03-30,0.002931111656796391,0.004797952628750368,0.0018274367251925236,-0.0012781985252389777
2020-03-31,0.003556132898964275,-0.007573773878967697,0.007828897656016272,-0.0017876505427726753
2020-04-01,0.0039667361759996266,0.0041456053553302645,0.002543297715090494,-0.006838769493985296
2020-04-02,-0.0017436253612421878,0.0020242754381785445,-0.008867072694048404,-0.004029588893088458
2020-04-03,-0.0023117589633228357,-0.008026356235662838,0.002269978157234795,-0.0031100376195084397
2020-04-06,0.00428987940628577,-0.00012148691885407746,0.006164318716545047,-0.005619858812147171
2020-04-07,-0.0009565216244080745,0.0018226724451663127,-0.0011079808499905135,0.0021996198334383213
2020-04-08,-0.0063784316166896095,0.0027803763691157542,0.004978174030589162,0.00598313934493505
2020-04-09,-0.005666436070017404,0.0008863068347442786,-0.00345057770575973,-0.00454031216164575
2020-04-10,-0.004597261430008057,0.0014561570842368985,-0.007427695797611369,0.0014172071787231857
2020-04-13,0.0024858037202688203,0.007368056961265478,0.0007058450941632008,-0.005170555697648551
2020-04-14,0.0007121286803528263,0.0061301695495534,-0.008782383603731571,-0.0015246108546958107
2020-04-15,0.003452426770338841,-0.014335274768913718,-0.001198855064467959,-0.003451647895888879
2020-04-16,-0.0021362632316826715,-0.00158719277418841,0.006434211313227515,0.0030094782430322075
2020-04-17,0.0007926984553835711,-0.0008232551377197564,-0.009548814528731405,-0.0033939408692108914
2020-04-20,0.0031279519698366835,-0.008760492863634856,-0.00639748397956949,0.0050583020685332335
2020-04-21,-0.001546732698601192,0.00047091529116156087,-0.005160161225807888,-0.0012286038683109951
2020-04-22,0.0022838761877870574,0.006243788862052533,-0.00031659929855479984,-0.003248018547974154
2020-04-23,-0.0033096297053332563,-0.0054328392979529514,-0.0018285839282310462,-0.006266526311725815
2020-04-24,-0.001815269232825359,0.0016820046934493615,0.006995681908480437,0.001266022551476749
2020-04-27,-0.0019086894699916455,-0.004579117386482189,0.004771741645458487,0.004476092011130901
2020-04-28,-0.005979198227945198,-0.003359560118398384,0.0024763647303429896,0.0013666062826843712
2020-04-29,0.0024348624039279092,0.007386968170850176,0.0007281515717194241,0.011194158332072119
2020-04-30,-0.0023470117010136195,-0.002712789100559125,0.0019661488849241366,0.007148937262352091
2020-05-01,6.247059363843714e-05,0.0023110624450531233,-0.004309911776566875,-0.001537638823585078
2020-05-04,0.0024037332945295448,-0.009356090580304935,0.004286051767783061,-0.0015901371690353464
2020-05-05,0.0022326558801497205,0.0093115878069744,-0.005560221271796006,0.0023484835974267658
2020-05-06,0.0033269255448639314,0.0030132622315324946,0.004176884969511154,-0.004190095902128425
2020-05-07,-0.0004924274225471181,-0.0009124992132513084,0.005930712510594155,0.005831441532662434
2020-05-08,-0.002116491560220769,0.002877732549999474,0.0010543230104404359,0.0018080026092179187
2020-05-11,-0.00039859105453199524,-0.007049097144739051,-0.0008810652948098793,0.0012822945542926639
2020-05-12,-0.00843667216979015,0.005912653708763286,0.0020015495415483665,0.003434768338854082
2020-05-13,-0.007235562362115437,-0.0016199238774821509,-0.014307591850503365,0.008614149416845294
2020-05-14,-0.006613498061772012,-0.0010203475752421736,0.0015112910924273064,0.0008547767609375259
2020-05-15,-0.004986234138007409,-0.0024582780748274224,-0.0005667699891990351,-0.0005652018543569218
2020-05-18,0.001998871133617183,-0.0029032570137279235,-0.0002531405652849551,0.007543598116612892
2020-05-19,-0.004527395276800304,0.003473353058142043,0.0035326625644891375,0.0048377520799556765
2020-05-20,-0.0018908127701969485,0.0012795342505211144,-0.00037384460782363904,-0.0016048992019186115
2020-05-21,0.006496141488930327,0.0032587407070152,-0.00570103428325579,2.5932243295100427e-05
2020-05-22,-0.0017813198553071298,-4.3973447427857263e-05,-0.0007070133541268903,0.000976904579693993
2020-05-25,0.003687577842335433,0.0025659990553859053,0.00033777742040412236,0.0018090647230249144
2020-05-26,-0.004668088400049385,-0.002094243719625192,0.0005746695579050637,-0.00678299925469557
2020-05-27,-0.0010271877893381501,0.011148659207047742,0.0008095968364253403,-0.007712423039007801
2020-05-28,-0.0047501102745529065,-0.007839652082152492,0.0051968452245927665,-0.004436950110012269
2020-05-29,-0.0016951653795028124,0.006304686617814922,-0.005430172765170738,-0.004823692215056711
2020-06-01,0.0042015406872869775,0.006839537253604854,0.0008785022808242496,-0.0032191200698625127
2020-06-02,-0.008636602115961744,-0.004260794029827969,0.006449648493091205,0.0031735532104500215
2020-06-03,0.0021721182177292866,0.011146368052779868,-0.008673057484685977,-0.0008446457816236918
2020-06-04,0.0011886780116613894,0.004977451414726591,0.0008982334039002677,0.0009819730250509413
2020-06-05,-0.002970749778483972,0.004855695034114558,-0.0029268925098652173,-0.006121517050211308
2020-06-08,-0.007230289271942273,0.00014011093512938345,-0.0018535519223655248,-0.002308211014604726
2020-06-09,0.00036064753856934756,-0.0010861307910933822,-0.00452403751607211,0.002936288308724202
2020-06-10,-0.0026474635453190122,-0.0010470441351980405,-0.0008477535785022204,0.002974762290884009
2020-06-11,0.0011633810567735197,0.001952652981597586,0.009206278072134522,-0.00362286914093954
2020-06-12,0.0001092607276172144,0.0070059313751694805,-0.006322151805886069,0.0008083119318977681
2020-06-15,0.008008894456604578,0.0009065710893070981,-0.005848050012394137,0.010994239267411662
2020-06-16,-0.0011967781373651214,-0.004557218115686452,-0.0065096728508175225,-8.798964627819069e-05
2020-06-17,-0.005117487463109325,0.004122135311924899,0.008637091433140506,-0.0034659347307122268
2020-06-18,0.0008963781747815808,0.004605753731973961,-0.0023116985276064347,-0.0008688119468108012
2020-06-19,0.0010999834198588258,0.0032732976422389305,-0.00012819530173837108,0.00046088553763416523
2020-06-22,0.006795937876202183,0.0037274945326249134,-0.0020139147055311985,-0.0007558419034527469
2020-06-23,0.004175556229572892,-0.0013546406507890405,-0.004722114392015458,-0.00015677350338250896
2020-06-24,0.0017843552957475467,-0.004644945835652898,-0.001175753233072177,-0.007217233984684199
2020-06-25,0.007316514456097809,-0.0043409671532038995,0.0122912180286828,-0.004813152375429756
2020-06-26,-0.005943815271614254,-0.00817731624228929,0.006960354604871275,-0.0007466761853574878
2020-06-29,-0.0031987576637487387,0.0011847430577297488,-0.004264689088961361,-0.0008263398501121835
2020-06-30,-0.004632879707027624,-0.0004172439161329681,0.0032378705153084286,-0.002830946374300003
2020-07-01,-0.0019490490157788398,-0.002199938522648544,-0.004157613863331882,-0.0008850679303821847
2020-07-02,-0.0068834307377815445,-0.014778094121725349,-0.008881838194231105,0.0003050742770710268
2020-07-03,0.0031757547340720217,-0.006236587348470844,0.005097554588323148,0.0044470672826226266
2020-07-06,-0.0011111134854938668,0.005604203257015834,0.005800464233217754,-0.0004960586761302544
2020-07-07,-0.007354031472513289,-0.003323130000315655,0.005230261255239497,0.001995516026491266
2020-07-08,-0.0050778954060377085,0.0018029583882842072,-0.0023493262460978635,-0.002708001507169605
2020-07-09,0.0015675692372509765,-0.006953427149876281,-0.0008338786700099311,0.00286047861799241
2020-07-10,0.004190632839471906,0.007193527411796156,0.003748827768290616,0.0018786514880617835
2020-07-13,0.009983654458458932,-0.0007201383002733821,0.001957480186740536,0.004329085015899097
2020-07-14,0.014569312330036648,0.001450201982417676,-0.0019681873564852217,0.003567302312222439
2020-07-15,0.002072047166379982,0.011628898959408425,-0.008095359100590824,0.0029436781144057305
2020-07-16,-0.004947690600159321,0.007582200502947019,0.0005693759707100613,-0.0004920870432889013
2020-07-17,-0.010660231403656547,-0.001532828106435289,0.005395048196180566,0.0012246961352223409
2020-07-20,0.001338557311719179,-0.0029661009243517962,-0.005987941445170786,0.005317544642257632
2020-07-21,-0.00406470547655163,-0.001627725057597659,0.0031937969083798852,-0.003260372847013972
2020-07-22,-0.0020767863008984266,0.0025494912423826782,0.0016577084756684633,-0.003142038893484328
2020-07-23,-0.0030604839952990404,-0.0005261206712543556,0.003750741316161668,0.0009071569897518099
2020-07-24,-0.0007039544320819264,-0.0019762207250173585,0.004359877498595037,0.0020763984513272674
2020-07-27,0.005329901153938218,0.007335906253545211,-0.003472326209626765,-0.004120532496320022
2020-07-28,0.0007852428372267231,-0.0005710494588891845,-0.00808479700082473,-0.0003738128170665418
2020-07-29,-0.0007931741851934415,0.011497945465186597,-0.0026675976284143968,-0.00046999387114392396
2020-07-30,-0.005178268764129058,0.0004537128187608651,0.004445636587635037,-0.011076400578017355
2020-07-31,-0.008373414723521785,0.008926591971123637,-0.0027100195176298554,-0.0010979699462937986
2020-08-03,-0.0024315395453666545,0.001786597113553134,-0.0034702166192882096,-0.0007865891642423314
2020-08-04,-0.0002689127540916025,0.00481480286624724,-0.009106751709623192,-0.0008014647141150957
2020-08-05,0.008839649567899415,-0.0036230552575886223,0.008763237772754695,0.0070795713728863405
2020-08-06,0.0006513726073644293,-0.004268796112937059,0.004128568207126549,-0.0060789914925443765
2020-08-07,0.004913697555115288,0.0022985297750749375,0.003849479906373822,-0.004123112856023063
2020-08-10,-0.00249647799269576,0.004942766212326576,0.004838626933897369,-0.01306097899159667
2020-08-11,-0.005924718832085123,0.00020128251000231433,0.002883541807717008,-0.0024045833308707037
2020-08-12,-0.0048255838111618595,-0.006431966675418486,-0.0012216442758976455,-0.0019782177706300047
2020-08-13,-0.003626130322678766,-0.006801291831446636,-0.0008188205206110083,-0.002549885881671281
2020-08-14,0.010642348662175822,-0.0071356820109312056,-0.0021378218229606244,0.0055383866974188
2020-08-17,-0.0041069333961219305,-0.008838110564696905,0.013173703772075001,0.004303087611684816
2020-08-18,0.004192446018681724,0.0005474267972354376,0.0027795601564972127,0.0003892836213365207
2020-08-19,-0.004514635890435132,0.005625219608540126,-0.0023190022067571727,-0.0018530652676993112
2020-08-20,0.004657865064371221,-6.707893462404385e-05,0.002327483870831399,0.005130948340534319
2020-08-21,0.0019247548305293158,-0.011302073786689262,-0.005054344589281588,-9.878929917925816e-05
2020-08-24,-0.0007831894882904521,-0.0009538023016727435,0.0075225335929461346,-0.004091350194592289
2020-08-25,-0.00020381263067717012,-0.0008139949831630355,-0.0033053454790357008,-0.008581243387422758
2020-08-26,-0.0032739384771469523,0.010479993751127197,0.002505427163112329,-0.0022065724694784136
2020-08-27,0.0022303610074104027,-0.007285689564597781,0.005329888148715672,0.0037732180858630433
2020-08-28,-0.0022749174017039,-0.0019533880129959788,0.001923842721024964,0.011382693447715449
2020-08-31,-0.006128028818836241,0.00852926340272282,0.00047234995909819106,0.0003080517309473796
2020-09-01,-0.0063896878715980964,0.0022498917067327404,5.4010424280075794e-05,-0.0038267775756015217
2020-09-02,0.0008629395886105974,0.0028165653675821236,-0.0002822054844355357,-0.00592482604142107
2020-09-03,0.007895456282052175,0.0005729221851193911,-0.002883492444637511,0.002759774481527994
2020-09-04,0.0007999580678671913,0.0016497176932863229,-0.0022474171488485214,-0.008823080261921343
2020-09-07,-0.0005931916305494128,0.0038880476513926798,0.0073979518682546755,0.002751725507024441
2020-09-08,0.0014291306980127145,-0.004047431594463832,-0.0005426831634257834,0.004088558031314561
2020-09-09,0.006530008708534124,0.004390292894540999,-0.0039289813469138655,0.0021813972661643205
2020-09-10,0.0010969125068192817,-0.006865015084427696,-0.002581487984307543,-0.0010983083596927872
2020-09-11,-0.002054636154168686,0.0016418398641576907,0.005501853403486115,0.0028247032677340728
2020-09-14,0.0055314435502994445,0.0008937048164316358,0.003378033165822392,0.0008546918556414998
2020-09-15,0.0021437821923080674,-0.0030814654409605396,0.0028016458911612847,-0.003890619209302959
2020-09-16,0.00767877995997996,-0.00011342637662823368,-0.0012876059945489573,0.00925206161187513
2020-09-17,0.0009161721861095307,-0.0031127007633277655,0.0028668123508647256,-0.0017583968980525817
2020-09-18,-0.006122345158602501,-0.005358506634308722,-0.00321780562475324,0.003878761502249547
2020-09-21,-0.006840795996228325,-0.0017680737080682219,-0.0012980701567288728,-0.012093071413478573
2020-09-22,0.008254639661156247,-0.005519943176858308,0.004849022436958727,0.006382354413904646
2020-09-23,0.008618328603916486,0.0016139873204662407,0.004371388394595322,0.007343818723272909
2020-09-24,-0.0008975960664130032,-0.005750427470761817,-0.004909549229754016,0.0001491689356331911
2020-09-25,-0.0019159366056799387,0.0035598851149552567,-0.004277632264542879,0.0027938551736887926
2020-09-28,0.007307221461211011,-0.0059073953396441,0.0005435107640670483,0.0027925759080378136
2020-09-29,-0.0055352284102174396,-0.0028314745779050316,0.00863066187334755,-0.0032139178482036212
2020-09-30,-0.004473635094779132,-0.003123017041075895,-0.009577825822344972,0.0027356115271967014
2020-10-01,0.003216633973445222,0.006625733644374195,0.0013916646978525214,-0.004043152349362777
2020-10-02,-0.0019730256142979482,0.0016514497280829593,-0.006880216657865741,-0.0030437846182266304
2020-10-05,-2.560933360035648e-05,-0.0010586690127219712,-0.003171654967627728,0.005634715716061493
2020-10-06,-0.0008172144926225629,0.0024935972053486168,-0.0018221420903212072,0.004873288453501014
2020-10-07,0.001687872743994668,-0.01053596173664844,-0.0021025417171844545,-0.003531877510578963
2020-10-08,0.007037409306568584,-0.00021566794820453722,-0.0026689796982960422,-0.0036678817175052033
2020-10-09,0.00045292453450872775,0.009987570889023814,3.603530188185076e-05,-0.0032279830122883607
2020-10-12,0.0032196939663842895,0.0006617325320133629,-0.002676277833152892,0.003663197832327454
2020-10-13,-0.010250860505155113,0.0003395658458466775,-0.0073122869242707635,-0.004999923904051986
2020-10-14,-0.00024359200965058976,0.0027406418982109802,0.0038993480626138824,0.001783563195179763
2020-10-15,-0.0042161513514643555,0.004478026216571728,0.0037643608357444025,0.003734234053171473
2020-10-16,-0.0060940653021181405,-0.009987333464449298,0.004215871550113345,-0.0004412272514655006
2020-10-19,-0.004390761834643754,-0.008411632408955134,-0.00770367248132041,0.005050318484324638
2020-10-20,-0.0016706172035040603,0.0010514564554307327,0.0014945907629207542,-0.0015215508474489623
2020-10-21,0.0045795127117800654,-0.0035743828094875487,0.003379894279034617,-0.001069278004969572
2020-10-22,-0.00663196358869782,0.006560126311099571,-0.005156010342197925,-0.004886231155659283
2020-10-23,0.00015315746297208722,-0.0015758719494261195,4.586624091064572e-05,0.005085886738101027
2020-10-26,-0.0024208471666678924,-0.009672653678565589,-0.0005813332265518288,-0.003832602234894352
2020-10-27,-0.0016383654718098042,-0.006340069584219985,0.00921075329284132,0.0017488590885752961
2020-10-28,0.005013789126523021,-0.013748380098152877,0.009622480185062865,-0.0003565803356296738
2020-10-29,0.0026905771850196302,-0.0011706276864145628,-0.008321781966651004,-0.005263915315558313
2020-10-30,0.006686990537213718,-0.0009419206363219169,0.012469635028639948,-0.003045515719116604
2020-11-02,-0.0007725283962495024,-0.002122313548909489,-0.00457612860576662,0.00691436119520367
2020-11-03,-0.0034797130583535153,0.005394395195148694,0.004903366471637129,0.0010082877131724027
2020-11-04,-0.0011192940844024976,0.005992599182583468,0.0048524899043186544,-0.0050457517068342094
2020-11-05,0.001212483956356108,-0.0008519421167805561,-0.004978451134209034,0.0015266414367434591
2020-11-06,0.0008828667922685552,-0.01067346833738428,0.0024663389691954953,-0.0007305701579727256
2020-11-09,-0.005421940361166833,0.0030864079024612925,-0.0005376687213303198,0.017270232011220906
2020-11-10,0.0004524489081393711,0.0027768011425428774,0.0027716500231619533,0.0014256192067113622
2020-11-11,0.0011411416506945259,0.001546957850784725,0.0011533615119031285,-0.0019031242353318226
2020-11-12,0.012587370187669603,0.004907398746540579,0.005981697426851235,0.007100139588935521
2020-11-13,0.00938422305640835,-0.0058241404823052,0.0003769977157303113,-0.009205180836464228
2020-11-16,-0.0042662167527941,0.010043776930925695,-0.0008393703471315561,0.00047160078190548727
2020-11-17,-0.0014369168077458805,-0.00479713876570934,0.005480321165285902,0.009972142473405363
2020-11-18,-0.007317210009185016,0.003746114636004273,0.002901979824293017,-0.0005809964217987704
2020-11-19,-0.0029535350698174324,-0.008436738472066758,0.0036590669716044396,-0.008666505223240395
2020-11-20,0.0015780250179517025,-0.004651323436350254,-0.003322933361292984,-0.0019795898220529885
2020-11-23,0.006029268104441168,0.007581843233626681,-0.005226313906992371,0.007272590204795184
2020-11-24,-0.0036454191887180425,-0.0013044991150042496,-0.002838610716263508,0.0018803479816038558
2020-11-25,-0.003270732200338983,0.00419961302566399,-0.003104106928402943,-0.004194280547562589
2020-11-26,-0.010736445148693275,0.0011847769435962305,0.003930996343264572,-0.00342621403589512
2020-11-27,-0.0008133296027245384,-0.0005247907800008634,0.004879920251470259,-0.002798501355749067
2020-11-30,-0.005312072059297816,0.006819251624663449,-0.0007756514476620019,0.001805989420269981
2020-12-01,-0.0026471971368303687,-0.0011832941232595017,0.007154595094121762,0.006690980664693266
2020-12-02,-0.004384303890837942,-0.008903690537817352,0.006842346968825649,0.005262115063995855
2020-12-03,-0.00047131277126278496,-0.004016200459758526,0.0012169945820026961,0.0022800609105456423
2020-12-04,-0.008788641956783156,0.002755958643508471,-0.0041094588577152,-0.006658223800287417
2020-12-07,-0.007335226226954953,0.001977545531812541,0.007876883247177701,-0.006639662569967206
2020-12-08,0.010646235560141491,-0.007835291251177191,-0.00030508675514204117,0.0026662601060688166
2020-12-09,-0.006437112906370155,-0.003621712597041005,0.000630825982154873,-0.006727355489664472
2020-12-10,-0.0054839278922731985,-0.002908606746011233,-0.0016980251280328431,-0.0011278351053430214
2020-12-11,0.009184567641606571,-0.0018273479705711252,-0.004448951631485988,0.0015207522309308849
2020-12-14,0.014525335846202034,-0.0068795679430077574,-0.00734319715157646,-0.005687969976813444
2020-12-15,-0.005857833144126709,-0.003141855540597393,0.0031643416177864403,-0.005121311671794317
2020-12-16,-0.0018412447839401527,-0.0036430524262976373,-0.003917005269483102,-0.0004706053228390933
2020-12-17,0.0017077777547025478,0.003857666298809597,0.015297656144984118,0.002518251437620269
2020-12-18,0.008643488222027962,0.004045606554951219,-0.005430367913062395,0.005307593852068784
2020-12-21,-0.004934285392141188,-0.0007290522904440799,-0.00628691237490685,0.0030352671738527594
2020-12-22,-0.0012263892297105488,-0.0019601989793536574,0.002550693578067206,0.00036828297496097263
2020-12-23,0.0038866878803087202,0.000699621560195567,0.007646567394836477,-0.0037309737677852467
2020-12-24,0.002173830372333093,-0.004082875537277875,0.00032294828471610826,-0.0053545349792225964
2020-12-25,-0.0018807803561504963,-0.005734160410837205,0.002861212100936372,-0.002554385441645738
2020-12-28,-0.0006691148225802057,-0.004701106044628585,-0.00921773708729355,0.002049677924902836
2020-12-29,-0.006874479041849909,-0.0031740658198572834,-0.003387557728458834,0.0016831185331367144
2020-12-30,-0.0011908687198733262,-0.005817368998961355,-0.005368078645687835,-0.010499509928625613
2020-12-31,-0.0013319374500447756,0.0008102977953143738,-0.009475229249739406,-0.003928385141337515
2021-01-01,0.0011608494481312797,0.003648578368918542,0.0005849011701194348,0.006022537758030779
2021-01-04,-0.00277663609409508,-0.00793549150399121,-0.011214138108052168,0.0003960752390206972
2021-01-05,0.002357692612725695,0.00012564355608016674,-0.006610979830437244,-0.00708504456551493
2021-01-06,0.0050635790890991425,-0.001099678976331678,-0.0026859689700670904,0.011779105907990757
2021-01-07,0.0007771466383423302,0.0017075434276840147,-0.004156429179755381,-0.00014470866157382321
2021-01-08,0.0017587820419960173,-6.469384051794031e-05,0.0019820425110353384,0.00192166979656704
2021-01-11,0.00026577673788933683,-0.007267996399658154,0.0015279009595123999,0.0019976237802256723
2021-01-12,4.2196545707090216e-07,-0.006311946494285827,0.004468993729677284,-0.0018379773308009305
2021-01-13,-0.003607790167714237,0.00014711787792486363,0.003761918663563391,-0.0036378684091069712
2021-01-14,0.0015824713083665402,0.005143904598727547,0.005704063946806904,0.010608374925329702
2021-01-15,-0.00048643299206744736,-0.011070936855215015,-9.592000045270784e-06,0.005016029348088753
2021-01-18,0.010465841544652974,0.0017286328990078997,0.0015173345040833486,0.004109686005543383
2021-01-19,0.007866774512376213,0.005948110026438216,0.0025575685095959567,0.0028814459585910536
2021-01-20,0.001929232762782504,-0.0007651293810310656,0.0007082834869551285,-0.005016586951808423
2021-01-21,-0.0038152860484738376,0.002751012480132204,-0.0019859715495853694,0.006387650958701369
2021-01-22,-0.00556205735991709,-0.003515345404489011,-0.0016622126716988512,-0.004215663290058747
2021-01-25,0.005955714765444326,-0.0005968309963843841,-0.004087791991649828,0.0014164339907532287
2021-01-26,0.0013137461257356924,-0.008104567591540757,0.0021080841495491483,-0.008196949527322844
2021-01-27,0.002400717016958054,-0.01172171654209437,-0.0004700758704257777,-0.010204294253237598
2021-01-28,-0.008722929934870963,0.004713829006126376,-0.0033158687531838244,0.0015914560132655737
2021-01-29,0.0046371924077909035,-0.004924974638622209,-0.0033112240966229633,-0.004045496335974541
2021-02-01,0.0022721016910718147,-0.0022776392250171526,-0.006051993638913943,-0.009945837856486365
2021-02-02,-0.00555215342207239,-0.006932211266350966,0.0048942067061859985,0.0027030475147353777
2021-02-03,-0.002357624037249745,-0.007049848515419379,0.0003930883476589378,0.010600403855253945
2021-02-04,0.001318586021782598,-0.0008691885004730818,-0.004314000097866351,0.006947801292900309
2021-02-05,0.00026233399178121814,-0.0036478859706782323,0.004042738748010091,-0.0012865894263283625
2021-02-08,-0.001460855929017775,0.0018898549899734923,-0.002802244048971865,4.42265334847286e-05
2021-02-09,-0.0005174413403298043,0.0022626920948979595,-0.0070325031350611635,0.004438531283919567
2021-02-10,-0.0012598868910344268,0.0016042482316230358,0.005106111446095665,0.005610640099174534
2021-02-11,0.0007628125605123429,0.0011930039546422186,-0.0026854849478305655,-0.0017176785941284936
2021-02-12,0.007357459864965785,0.007888841024659431,-0.0020444954510439478,0.00017088857862287147
2021-02-15,-0.012833292204656488,-0.00533796884522443,0.00020590010174588742,0.0015030740338226824
2021-02-16,-0.0011842513225484212,-0.00027467433101458877,0.005712946113950575,0.0027693816013941593
2021-02-17,0.0008825621068622348,0.005663449102597944,0.00010018645433155848,-0.0006653822100563346
2021-02-18,0.0014799699484354975,0.006322699046690182,-0.005995585630726151,-0.0006004262253437214
2021-02-19,-0.0018595729066064493,-0.007108818246722865,0.002719385020560901,0.006899161648771941
2021-02-22,-0.008783608912392913,-0.0015617772082793496,-0.00242494862130862,0.006047603512214431
2021-02-23,0.0016399774185705482,0.006790605479336302,0.009439619857647331,0.0023870528671804414
2021-02-24,0.008636751070820925,0.0025403955259953267,-5.5986099894508525e-06,0.008595545350114643
2021-02-25,-0.007669307024580688,0.0009763151573988638,-0.011175177489493331,-0.0019322288111320851
2021-02-26,0.004319140068490941,-0.0010884234671732838,0.0017868248607783698,0.008114867243146903
2021-03-01,-0.0016426261156144695,-0.0019190046285387271,0.009722988961301143,0.0027125772176777524
2021-03-02,-0.0003066217291442365,0.001441095315451621,0.007879601442726949,0.016355130611072948
2021-03-03,-0.005264492553519746,-0.0012618706249224168,0.009154771443782827,-0.005962409633912389
2021-03-04,-0.0016722808617793833,-0.0002128931052222209,-0.005098800926907318,-0.003446726261086708
2021-03-05,0.0065002229734947925,0.0003929935305751869,0.004560761979883894,0.0020939891410027382
2021-03-08,0.002913276209938535,-0.003390357642467496,-0.0036099726986835584,0.0019861702648949595
2021-03-09,0.008661558027049722,0.0026606468694071917,0.0011214469970846225,0.009750694920875092
2021-03-10,0.005887059444888468,0.0145712232420771,-0.006364762143698663,-0.0033418734164976692
2021-03-11,0.002195433394647881,-0.008884933196630376,-0.0032222788244135815,0.004524592593469421
2021-03-12,0.00871967263083896,0.0016200626209498994,-0.0033812334868180767,0.005812315023409979
2021-03-15,0.0021949657936914937,-0.003800950443094528,0.004492776400713081,0.0035232391611032376
2021-03-16,0.004139940883985295,0.00288701288759625,0.0040035956083482776,-0.0048049817096216
2021-03-17,-0.0014828547676735417,0.00023278736663930462,0.0013840986466541038,0.007038794026270991
2021-03-18,0.00033272907929602415,0.0038092738702123177,-0.006752107090276928,0.006146624656577069
2021-03-19,-0.0034871191165013844,0.005877532882543898,-0.0015581971697486,0.0029979225989518873
2021-03-22,0.004947919672974265,0.0009621055888409067,-0.0037305824147136303,0.0010217384360447707
2021-03-23,-0.005891518115574328,0.005660261442070891,0.004348378783472455,0.0011305400502218564
2021-03-24,0.0039117517120883065,-0.011721489468943387,0.005890924264085923,-0.00039367896119688864
2021-03-25,-0.0009532552875257973,0.007952261489580116,0.005281927930154416,0.0032039256712632093
2021-03-26,0.005856235467336597,0.0018753107594617006,-0.003776097097085103,0.00015567426472488778
2021-03-29,0.003754344943656299,0.00538921677872591,-0.013697665611447396,-0.004242624876763207
2021-03-30,0.009103230788234008,-0.006099378724207608,-0.008834809490650271,-0.005242958224137961
2021-03-31,0.0036538734556932242,-0.004153849408026679,0.007108134890411042,-0.0037601812682614604
2021-04-01,-0.007860201278266204,0.0007296914707238707,-0.0020062746965991197,0.0011106612127472588
2021-04-02,-0.0003347658644910042,-8.518944668731508e-05,-0.0037536230913255628,-0.00013477918217603662
2021-04-05,-0.005860035962974079,0.0014153429400499478,0.00821330146718117,0.0010767189664437462
2021-04-06,-0.0025913992118313735,0.005422575804649831,0.006325799727441635,0.002504065667730555
2021-04-07,0.007556142166383608,-0.008826101576514245,0.00012224360959893325,-0.003136604629584395
2021-04-08,0.0031876690544884803,0.004869095358586545,-0.0014670154553198694,0.00732830084172674
2021-04-09,-0.0034946521428937316,4.140954978963509e-05,-0.0006605060640656261,-0.001338554135237372
2021-04-12,-0.005068586832201995,-0.0010189093056227386,0.0011358139919373303,-0.002167134923907545
2021-04-13,0.00016391046438130397,-0.007355576171924452,0.00800023640659804,0.002411931186662262
2021-04-14,-0.006082800746905639,0.002515243341884325,0.0021123371211861338,-0.009182551011875364
2021-04-15,-0.003355701386982906,-0.012070539255155187,0.003630145165195707,-0.003952672248614597
2021-04-16,0.0015600473577562194,0.0032419700561935635,0.005846350545350857,0.004905363993459165
2021-04-19,0.005776560180533481,-0.00746052917736496,-0.005848380005122095,-0.008687109645310553
2021-04-20,0.003043807361122199,0.00026728956308737017,0.0037743094623702146,0.0055878709846657795
2021-04-21,-0.0114564475429905,-0.0005958441866396021,-0.0014728437733080569,0.007555682831795674
2021-04-22,0.001521833645151299,0.0058476907364694184,-0.012580475978863831,-0.0018472766891187418
2021-04-23,0.0003601678661628896,-0.0008932758450694508,-0.01064084770992906,0.0014590638371315503
2021-04-26,0.0020694514268634655,-0.0034706928057283283,-0.005090588057593428,0.005595435424255133
2021-04-27,0.008081048408256037,-0.002533013479856015,0.002656116142962907,-0.0023339459402175987
2021-04-28,-0.010316191384023714,0.006364413843773318,0.0005689978267014822,0.0043388776026309075
2021-04-29,-0.002955517125955528,0.0026814848459044685,0.0009218335358783201,-0.003355743975653358
2021-04-30,0.002954531613966773,-0.0019281499076158066,0.00975471741343346,-0.0023880114666658967
2021-05-03,-0.007907971997269711,-0.0011822320998225672,-0.006345448074299062,-0.003996682321624869
2021-05-04,0.007379745240267545,-0.007835885452927235,-0.00013716677091861799,0.001713235995974017
2021-05-05,0.001841783063503292,0.0019423710042577051,0.001522177614069078,0.0057898452628277475
2021-05-06,0.00423291992921702,-0.008799078538477329,-0.0036813655826916777,-0.0009205646605858214
2021-05-07,-0.0028547183076089726,0.0037589823291772806,0.00014163372541470482,-0.006356245799562016
2021-05-10,0.004068818449831053,0.0006431079624563292,-0.007999746670421725,-0.005413534111434078
2021-05-11,0.005342357779945192,0.011934758997869612,0.007049531086375139,0.001972997106852702
2021-05-12,0.0011643901006858418,-0.005500677768621529,-0.003408072762652169,0.009220582066971347
2021-05-13,0.0011720044634934796,-0.0005133104552031647,0.010157000823892514,0.0019686249965719877
2021-05-14,0.0013517161964086294,0.008991438504615314,-0.00016237161958727525,-0.0019344827532562633
2021-05-17,-0.004316726323696909,0.005956948201457072,0.005140267826995916,0.0038309198342514205
2021-05-18,-0.0007376434012017647,-0.003481060257899499,-0.0002665143449557719,-0.0011974931779337318
2021-05-19,-0.0007626126622617941,0.0011198371418672387,-0.0001537191613026491,-0.001891426086821032
2021-05-20,0.0019169693217674754,9.996782075436166e-06,-0.002920146666110039,-0.0047922955284763185
2021-05-21,0.004999121234551473,0.001409779336970786,0.0005956196468313882,0.007042244221231779
2021-05-24,-0.005292680409892047,-0.003493402179924149,0.0015899934720702371,-0.012696039587478319
2021-05-25,-0.0006250451515978882,-0.0004466020135036726,-0.0039212925445759,0.003989296001396346
2021-05-26,0.0074072777382948665,-0.007990261876383568,-0.000625222079299421,-0.0023187246889876845
2021-05-27,-0.003717941144062821,0.0006756172593404103,-0.003050494330285569,-0.0020517036572580637
2021-05-28,-0.004111250086451601,0.00225010336710916,0.011498320348074194,0.008461575780589063
2021-05-31,0.0010115309591559678,-0.00113709706321942,-0.0004486538495580927,-0.003570655461000257
2021-06-01,0.004221925952426601,-0.008075254452923938,0.007726160758482797,-0.0034003457701420508
2021-06-02,5.713027780329665e-05,0.004942659314257312,-0.0009781116540384415,-0.0006519711945976518
2021-06-03,0.006644802952184946,0.0018226251899640113,0.00129643820767454,0.002069236929061191
2021-06-04,0.0042839699128326345,-0.003630075488504884,-0.006606820358226346,-0.002209278911464347
2021-06-07,0.004209100334450309,-0.00140300223419032,-0.002235362959339323,-0.007869294652679427
2021-06-08,0.0027705825066204667,-0.007503347013909195,0.0010526733539462337,-0.004328490904408827
2021-06-09,0.011638265501730425,-0.005127050638889522,0.007930019154799333,0.006406669282322597
2021-06-10,-0.001025808444330221,-0.002689056731785697,0.0011099138883813558,0.00037388394567755724
2021-06-11,-0.01001761146033257,0.006142104061400756,0.006918601805964996,0.0022554364185191104
2021-06-14,0.008021271807585705,-0.003197516954437378,0.0032036455510146013,-0.001307106035865188
2021-06-15,-0.0022884971547841282,0.003201068296643794,0.008137006697323429,-0.003297488480866348
2021-06-16,0.0005394022217151652,-0.002691581014307899,-0.00029521108652527715,0.008387847249377056
2021-06-17,0.006547753424302635,0.0012397378042593742,0.011951113553259021,-0.0009409592852554033
2021-06-18,-0.008011297705294627,-0.0007069775107190108,-0.002426981014570615,-0.0022168493976356344
2021-06-21,-0.006258236070530697,0.004365283000463717,-0.003832309170988345,0.005480711831776698
2021-06-22,-0.008006389685594268,-0.0026740566910927895,-0.006050264248445171,-0.0036118017943369265
2021-06-23,-0.003970681450127119,-0.007862641250012205,0.011655123357790351,-0.0029736367188699835
2021-06-24,0.0021981830300849678,-0.006909745156818164,0.004097237863089488,5.1233420084490016e-05
2021-06-25,0.002620939214063855,-0.002659387469713787,-0.0016706036669015423,1.3505204408985087e-06
2021-06-28,0.0013813708966427688,-0.006245299853390264,0.006245113484367475,0.001298056739516072
2021-06-29,-0.007063829419461832,0.0020510600783977566,0.0034384609255889097,0.01045834544697744
2021-06-30,-0.01155051718316322,-0.002328840824290389,0.009830637356877952,0.0016812412317618523
2021-07-01,0.00027176792695191135,0.011873032750132158,-0.007739164163699557,-0.011890269813754002
2021-07-02,-0.0023588801681916787,-0.008688572975685661,-0.0013268005415712728,0.0016314947171578045
2021-07-05,0.002296928858583059,0.0010181658935490062,-0.0023126069197141274,0.00018939997244799413
2021-07-06,0.0035097681311063505,-0.005639765117528345,-0.009868413382043008,0.0002172501217572883
2021-07-07,0.0006912071602934096,-0.0024670067019133927,0.005301636023898471,0.0012297365469808536
2021-07-08,0.003800665426879269,0.0007070973667027209,-0.001351982779016792,-0.0001433914383739969
2021-07-09,0.0011460568705753422,-0.011626856874371434,0.003698156024932811,-0.00026306046527694503
2021-07-12,0.0026503235280073336,0.0011841305839401374,0.011798859671648058,0.003065221048853931
2021-07-13,-0.003523366314349412,0.009514537311370839,-0.0017662184591380416,-0.0027104039859725047
2021-07-14,-0.0008980570691572927,-0.0022671914918429644,-0.002105764913285776,-0.004738431678195878
2021-07-15,0.0009838804832847862,0.0012990392840275475,0.0005933208486199801,0.015118907263111957
2021-07-16,0.004102642377087094,0.005124608465626996,0.004936236764917048,-0.003579287218906167
2021-07-19,-0.001968705861122861,-0.0008197675001349828,-0.0028335651265507496,0.0005007145623003823
2021-07-20,0.002605836278660563,-0.002904800942657416,-0.0031548079856606533,-0.007478301254376837
2021-07-21,-0.0013291939595768952,-0.011378682018608761,0.00528594635120683,0.0005823420752571096
2021-07-22,-0.0005877108366406518,0.0032049535969748666,0.0018931966191901778,-0.004666127753446676
2021-07-23,0.004147595210120365,-0.0005658420486444862,-0.010223641315024104,-0.0022123647142500546
2021-07-26,-0.009965301855270779,-0.0050634192569408085,-0.006126958997345541,0.005225323328855619
2021-07-27,-0.006482361640373805,0.0006329835513884678,0.007506179319136052,0.0023600478418903687
2021-07-28,-0.007410926987214104,-0.0029184017840309068,0.0020096414153940624,0.0028420476228740955
2021-07-29,-0.011668080599241524,-0.002642130655577628,-0.003810979655186245,-0.008856024191959314
2021-07-30,-0.0033913222007758838,0.003031455780543541,-0.0008520482861749107,0.009184475849145064
2021-08-02,0.0037471694986387022,-0.006691912056619223,6.618336400835102e-05,-0.005959406554709376
2021-08-03,-0.0014244203319128737,0.005236576430368792,0.003678666801400819,0.007642804071469325
2021-08-04,0.0009889504097092606,-0.006988430815592019,-0.006791316974293947,0.0051077193299074305
2021-08-05,0.005446087483553963,-0.003313507041776319,-0.004204745693352291,0.0028866637089234003
2021-08-06,0.006638430661338458,0.009614730970332887,0.0013647787743169442,-0.0042749239045419074
2021-08-09,-0.00034568967363069776,0.005636773808212111,-0.0004991729024772517,0.0007579492240976147
2021-08-10,0.006767929447846987,0.000488019962477201,0.0028592959131835496,-0.002354607053224299
2021-08-11,0.00046063329217054606,-0.004702651077506083,-0.006147536986797989,0.0001451978575264591
2021-08-12,-0.00418699111913731,-0.0026463615334994662,0.0017856433813566055,-0.0012493612954277995
2021-08-13,-0.0029720017609936762,0.000366376572928482,0.005457918096887361,-0.010193052532862042
2021-08-16,-0.0074026825628250815,0.00018761616169799211,0.002434092735746417,0.00560892075492294
2021-08-17,-0.004440669268668262,-0.00045435464812981427,0.0006955586988079594,-0.00040553578274680585
2021-08-18,-0.001790083440372146,-0.00015416257042092166,-0.00047941801282985443,-0.002424001997511185
2021-08-19,0.004017925096893008,-0.0010718755485255704,-0.004174255763857509,-0.0028016361641488388
2021-08-20,0.008603849155829919,-0.007209893678200065,-0.0003599929621989424,0.001792297881833841
2021-08-23,-0.0069109075768852,-0.0025825537108041642,0.0062985292644020295,-0.004468781691472361
2021-08-24,0.001964137341299595,0.004573120269934233,-0.0005951425330006262,-0.011275877792370216
2021-08-25,-0.005202719695787672,-0.006841671487755587,-0.0044490199467420504,0.0020356490160413805
2021-08-26,0.00237348544231601,-0.0009477775576963927,-0.002461235443826932,0.0025955149897841086
2021-08-27,-0.000655433253438633,-0.00409876964385422,0.0010042514863796508,-0.0009981591233881645
2021-08-30,-0.009154529129237652,0.0005567521469905566,-0.0018675699859042347,-0.005739514375950045
2021-08-31,0.004641484957842422,-0.0019431659053340909,0.0024265164153157034,0.0004446777044464267
2021-09-01,-0.003025003564043655,0.007386968324873345,0.0026142188037451518,-0.007322661841567943
2021-09-02,-0.002669501191867773,0.002532915770951269,0.004444915902023241,-0.005136152983438297
2021-09-03,-0.005348762056448449,-0.006559015828886057,0.007117797361325165,-0.003753489682520806
2021-09-06,-0.0032714163834377773,0.0033561400580684932,0.004979293621861804,0.004219695354457781
2021-09-07,0.002139452203474586,-0.0038732592813103153,-0.0046711953207398,-0.0018130547521845856
2021-09-08,-0.0009462217046820276,-0.002884981856887668,-0.004517672232881361,-0.002239332058882303
2021-09-09,0.0016433100114124053,0.001569095100535609,-0.0003788573822991221,0.009773462577056231
2021-09-10,0.0018096092696442184,-0.002458737098650674,-0.0022558767861970727,0.0017623124859435697
2021-09-13,0.006603308277640835,0.004464279081614776,-0.005691633634804714,0.0016949725523741303
2021-09-14,-0.0017139307543218966,-0.0038725503075669773,-0.0022084589708649713,-0.0018485037260438744
2021-09-15,-0.007384289084228659,-0.003094732762956816,-0.0023725646680951952,-0.002981858338183889
2021-09-16,0.005336112082859916,-0.0032818544677405445,-0.003359238698806029,-0.010932032200085753
2021-09-17,-0.0016574408604862734,-0.0028281937417751948,-0.001578947430775028,0.004843702659617791
2021-09-20,0.005572962222886885,0.005495957777739064,0.005892254251591656,0.0022415485287818958
2021-09-21,0.001916885565912352,0.0031439814680515156,0.0009961902062461962,-0.0008958299660670667
2021-09-22,-0.0006556876510167246,0.008549719770060357,0.012359045380277347,-0.0006861335091812787
2021-09-23,0.0017438794702314755,0.011338221019496273,0.0008525409300982467,0.0036807213113052755
2021-09-24,0.009755062800631499,-0.005153585159661699,-0.0014503288696862588,-0.007773550365399265
2021-09-27,0.010384902645268765,0.00035209563663644443,2.0664413274330462e-05,-0.0029494066577690275
2021-09-28,0.0003469056756638935,-0.005881001583217165,0.0012824598922177,-0.0056815143144626525
2021-09-29,0.0008009529665853766,-0.0038880296387413357,0.002176269785855318,0.008857546412433732
2021-09-30,0.005381200787331928,-0.003150412551278347,0.010383556629295118,0.004378277659266503
2021-10-01,-0.004228305163836736,-0.005285774370691372,-0.0042266023248878435,-0.011013463205676822
2021-10-04,0.0016653518630912756,-0.005259436364492069,0.004295230290888678,-0.007568808133199878
2021-10-05,-0.00012931423976928201,-0.0007214218926012743,0.0010387529880706192,-0.0006617283667874315
2021-10-06,0.001569541057287768,-0.006083592091932035,-0.007855488712853088,-0.0023622010603621237
2021-10-07,-0.004166844029747029,0.004210634795688164,0.0038534939104738165,-0.006621911040384442
2021-10-08,-0.007947837466544845,-0.004588767687087571,0.0063381178040195245,0.009723811188252447
2021-10-11,-0.010364917179956459,0.014047844850481961,-0.004285882018887149,0.001562699569912896
2021-10-12,-0.005586920564948039,-0.0022569222548219758,-4.4669339459853465e-05,0.0023740816143154576
2021-10-13,-0.002293376424696665,0.0003600882095852611,-0.008626771310038518,-0.003460074746161069
2021-10-14,-0.0014659579332438092,-0.006476705922330176,-0.006294032298421682,0.003611370735890012
2021-10-15,0.009686155812147585,0.008530458790638197,0.005240147888086263,-0.001902163804910059
2021-10-18,0.0055299668495364905,0.0055975034040145815,-0.0023320825300371727,-0.001416715868537497
2021-10-19,-0.0048104555817081365,0.0014845793536805627,-0.005544014874690196,0.0030550097991262994
2021-10-20,0.0017385422622547848,-0.006734012743897828,0.0011473018222921485,-0.008144987825301498
2021-10-21,-0.0020353911817516256,0.0010533343886231015,-0.0026120621571551162,0.007985139299254913
2021-10-22,-0.0014218191902004758,-0.005607155230086275,-0.0023541082888776806,0.000911946073619379
2021-10-25,0.0009266282470769101,0.007311776317366804,0.003696630128374516,0.006404721043902122
2021-10-26,0.0030958555848769665,0.004045973659265864,-0.0058086667946717335,-0.0053770987830940925
2021-10-27,-0.0016962924194200769,0.00047719519243868063,-0.004526826063409161,-0.004615825620140965
2021-10-28,0.005319257663671793,-0.012181878316236612,0.0007703999607443432,-0.005809501107999061
2021-10-29,-0.0057096911307120204,-0.0049170798932951535,0.004847048953741027,0.0012514883633241943
2021-11-01,3.169531181134221e-05,0.003438805657999362,0.0061908015074492485,0.0003299165095912304
2021-11-02,0.012988368632979162,0.006064418458615779,-0.0033253086018081154,-0.0023220590961559027
2021-11-03,0.0011153987131263755,0.005545849057460658,0.004686884834598239,-0.005070345964426397
2021-11-04,0.007166072533030864,-0.007960065011207277,-0.0039207114673520446,-0.006332981348654212
2021-11-05,0.0004576008908660409,0.0015077615340645203,0.009131046734534,-0.00024241950235327992
2021-11-08,0.0029038854766489835,0.0050775760824146475,-0.005668855127098642,-0.0023279338979430007
2021-11-09,-0.00028391597196345767,-0.008291677827911226,0.006642394053958655,-0.0034280349617913115
2021-11-10,-0.0008520379058210222,-3.9522576866181734e-05,-0.0032824305340936194,0.007735447430658048
2021-11-11,-0.003897411983627098,0.0013692119915422812,0.010066232273973002,-0.00041162839096366957
2021-11-12,0.002151506794787766,-0.0015038229242336745,0.0029566036442624215,0.006350214669634626
2021-11-15,-0.004257685945928839,-0.009260809277006008,-0.00508008264704111,-0.002666260913413483
2021-11-16,0.0033279261815671456,-0.0016284905503686435,-0.002611192397712534,0.0012238814189932843
2021-11-17,0.00542643502222955,-0.00163652715127512,0.0039059060261187085,-0.00027738008128167446
2021-11-18,0.0018326570361861497,-0.000740362022738771,0.005263222088077807,-0.008488111547590613
2021-11-19,-0.0014312436677784593,-0.002817357127125348,-0.00035357795862231303,0.007141691531319564
2021-11-22,0.0022698278965434804,-0.0022150607662073368,0.00022329140481733203,-0.0006757680351620794
2021-11-23,-0.0015433652777320631,-0.0001985314117348895,0.0037917651632203278,0.0037320910981648026
2021-11-24,0.004677735627325747,0.0022122730248485558,0.0006589921350540998,-0.003760143612307797
2021-11-25,-0.009157030421075619,-0.001522133814283336,-0.006467524296691879,-0.0008242219078988232
2021-11-26,-0.0016780368405932312,-0.0020482446418400094,-0.004064870123200903,-0.004334261799616774
2021-11-29,-0.009954059975619989,0.0004617701912722904,0.0011755997157583253,0.006179992413816967
2021-11-30,-0.007475304151136025,-0.009604579629475907,0.006077412082488468,0.0015570467372533787
2021-12-01,0.006819311149069547,0.0023851756361322903,0.008079912120810238,0.0018352676334044407
2021-12-02,0.00447592490985843,-2.815485614794041e-06,0.0038976471038572515,0.006790920735524895
2021-12-03,-0.003597401166423952,0.00019846763298780914,0.0014364538051818189,0.005781706484495115
2021-12-06,-0.007512517280204485,0.00480367153797232,0.0037440694299123852,0.003826712680681427
2021-12-07,-0.014822644189208256,-0.00976407765024124,-0.0033337542510342784,-0.007108636735187314
2021-12-08,-0.002717477539663173,-0.00986916934929482,-0.0007661548012910708,-0.003478395597583418
2021-12-09,0.012102075061237012,0.0013690192266175977,-0.0041206536066973835,-0.0050194406800567635
2021-12-10,0.002174421357318237,-3.558427564257887e-05,-0.006243713053538558,0.0036376684681289962
2021-12-13,-0.0027978614302474475,0.0008508847159596611,0.0016677450581810247,0.000853259708750257
2021-12-14,0.0023254010475015313,-0.0023106353758622277,0.0009275665329237181,-0.006952562168152974
2021-12-15,-0.007804791764972214,0.003321768371199656,0.003438262422545064,-0.0009437210650561377
2021-12-16,-0.0014866168134881773,0.0046631942149556,0.002730559154462236,-0.007470561678593893
2021-12-17,0.0004973873650786925,0.0024199114697576354,0.00121322135661931,-0.0002657824403487994
2021-12-20,-0.0004305032591052425,-0.0013041422920229157,0.0027830833283877714,-0.008276862519935924
2021-12-21,0.003954030608450403,-0.010538446938072014,-0.00021341548113738317,0.0026441374669230644
2021-12-22,0.001723226131180262,0.0038461810401856406,0.002064456976112003,0.0018898131301703677
2021-12-23,0.0033416300905399847,0.006108643331087964,-0.003630722013431798,0.009539742466734408
2021-12-24,-0.0034418614111537973,0.0032227920599199,0.0018485296281956505,0.004239366447486712
2021-12-27,0.004489077042052741,-0.004398212136837533,0.003342088426430047,-0.002114571279112514
2021-12-28,0.008144684738119957,0.0033689719683387895,-0.0033484071403610156,0.00409035046637243
2021-12-29,-0.0048507475982570636,0.004302648539807228,0.00025916049496423364,-0.006988319404725892
2021-12-30,-0.0044384782785727986,0.007794081238995429,-0.0031180125481467982,-0.004812363018405427
2021-12-31,0.006678921681601164,-0.004380549621139788,-0.0026325334825805747,0.0016657126603755502
2022-01-03,-0.0009567199334753015,-0.0011322729227206923,-0.005624646775510773,-0.010791248313739637
2022-01-04,0.007019106960332785,0.003736360255717276,0.006328874625832778,-0.00018580392466941518
2022-01-05,-0.0022126785594609195,0.00028705035719078895,0.0053284258736002385,-0.005101316460592103
2022-01-06,0.0072752278813535565,-0.005586638010256374,0.0026871692711366857,0.0005065352757663178
2022-01-07,0.0006574290840272609,0.0020730814251335153,0.00986097975971907,-0.0053886817902363176
2022-01-10,0.001291144116613476,0.0028933081690758334,-0.0009462284828419585,0.002121240687275944
2022-01-11,0.007823590108349522,0.00043981448165500994,0.015158812075553172,9.66371183369481e-05
2022-01-12,-0.0018088523872208562,0.0010979246358997208,-0.001137647076816102,0.007001829584406653
2022-01-13,-0.004705610479624792,-0.0012935295084286508,0.001275966758780082,3.367267050811061e-05
2022-01-14,-0.0022428210401417717,0.007391394678580297,-0.001988889569701041,-0.0038432140248073317
2022-01-17,0.0022616697532156934,-0.004503460918563383,0.001861627800301525,-0.0012344292791364145
2022-01-18,-0.007828795360902571,-0.0029366038138188945,0.004178074639431223,-0.0067211819850836576
2022-01-19,0.0031873545132556076,5.492756763762811e-05,-0.0005695819652654197,0.0020306862735272
2022-01-20,-0.0026938565880887163,0.004394770138504463,0.008883599235588104,0.0029492512315763613
2022-01-21,0.005739063303667817,-0.007486865850472684,0.0011957464231673036,0.012345980183464089
2022-01-24,-0.011971301524502358,-0.006551483748827196,0.0013524269305509957,-0.003109179953022024
2022-01-25,-0.0039328288755208435,-0.01018864253867359,-0.004544988472568587,-0.0013389728683759136
2022-01-26,-0.00843234075617051,0.00016347612626635394,0.0020924953727519224,-0.002878792622191078
2022-01-27,-0.004131147331819763,-0.00559152908603272,-0.000670136104046828,0.0010605685056561205
2022-01-28,0.0012383295055447157,-0.0019227505500895837,-0.0030411986466864346,0.0019084526723980684
2022-01-31,-0.0008961331272487745,0.0033068909494585403,-0.0038823720407418195,-0.00026687422214255387
2022-02-01,-0.0012668878447400747,-0.003207713603914233,0.013358816898783425,0.005431629584365161
2022-02-02,-0.000795924356900304,0.001156410113716823,-0.001317386250895177,-0.0030848975187738876
2022-02-03,0.001016941203099717,-0.0014966895387586103,-0.007284927103906339,0.004930870239453561
2022-02-04,-0.005042680209715539,0.003360571575482184,-0.003491107298662863,0.0026924892682054125
2022-02-07,0.003534248204495254,0.002375640336740044,-0.000257839197381068,-6.014959949473262e-05
2022-02-08,0.0033133298519274195,-0.00345966848087305,0.002733335163082425,-0.0015746832037857273
2022-02-09,0.001925189688280505,-0.0008432587670022632,0.0027739826086265675,0.012133338793656847
2022-02-10,0.002782667213756316,0.0052187169886024724,0.0033830727588826273,-0.004085043253710397
2022-02-11,0.0014820900040432975,0.0019668843512704853,-0.003224301533186648,0.0014896658848420734
2022-02-14,0.010175366513655337,-0.0069848102887556576,0.0017022022175077272,-0.003751095351210663
2022-02-15,-0.0004354708552625495,0.0032780903058569136,-0.004380297320552892,0.00892810374310653
2022-02-16,-0.0015354160916728839,-0.005423053112181191,-0.0030982149150700585,0.004434131643996018
2022-02-17,-0.0037676379017868894,0.00706256534980503,-0.004588544872501298,-0.0033917493942057205
2022-02-18,-0.005161313352889184,0.005120494199205124,-0.005941944272991348,0.002562974967156142
2022-02-21,-0.006222358938005377,0.001449427379592004,0.005321047444290044,0.001288478606382777
2022-02-22,-0.004443986566154592,0.000786164217180967,0.0034430585048944385,-0.002583123809873694
2022-02-23,-0.00035340190826035656,-0.0010451612801371001,0.0048833268498906495,0.0037908210861408663
2022-02-24,0.0016714756424885725,0.0033926197570001405,0.00019656533012148156,0.0019465269555220509
2022-02-25,0.00025571029276080895,-0.0018538908473103083,0.003884038494325733,0.0010784935694297614
2022-02-28,-0.003827676387148565,0.0011778493531994694,-0.008806447023212725,-0.0002095985562116438
2022-03-01,0.004500922820099816,0.004359671832597256,0.0043154375902267755,0.0021552724629982562
2022-03-02,0.0036970633615047376,-0.0028090327176279483,0.0008855991500251511,0.0011469383074622973
2022-03-03,-0.000798241537110085,-0.0030809636999534727,0.003135548000745828,0.0002954666651250867
2022-03-04,-0.0032645807233235603,-0.005971827403622295,0.0019001164952430658,-0.0032050795799378174
2022-03-07,0.0027421396041489975,-0.0053223637306308615,-0.004935275772684433,0.008468831203812463
2022-03-08,0.0009398679374305224,-0.009141976557207512,-0.007490198876955233,-0.005252099716742735
2022-03-09,-0.0072406362970752385,0.003649143945077648,-0.0035602708309148165,0.0021381810943987252
2022-03-10,-0.00033990127992202445,0.009044572710413853,0.002824586406364561,-0.0016012037115071646
2022-03-11,0.0013101790603719052,0.007126644717351528,0.003450457075876977,0.0087977363472465
2022-03-14,-0.004498473932438769,-0.008130422443132583,-0.0068397113869093145,-0.004517412686119203
2022-03-15,0.000949216964187215,0.003624273357781,-0.004905496837341073,-0.0036763163088016602
2022-03-16,-0.007274112426288946,0.007110531749617783,-0.0036161784297041965,-0.004849090316309127
2022-03-17,0.0066809305000608546,-0.00228404990369332,-0.0017865253013340785,0.0016173252547530515
2022-03-18,0.006239749925297159,0.0005072371532502474,-0.006810254154263261,-0.006865253297843209
2022-03-21,-0.0012625866715148238,-0.010039465254023352,-0.007110258830700663,-0.0023926424737888315
2022-03-22,0.0018172716891953658,0.0013336808398832075,-0.00410917648203777,-0.010761829114271424
2022-03-23,-0.012049609828999375,-0.005317798647173588,0.00043126918112502835,0.0012021067706404526
2022-03-24,-0.005781738301326665,0.0009981750895575727,-0.0059029716987674535,-0.002501074293781313
2022-03-25,-0.001468894600760649,-0.007806014610944402,-0.0005790175498588306,-0.007440283719659265
2022-03-28,-0.005360665107134296,0.0027142911223879797,0.005292764080709077,0.0054280470148702934
2022-03-29,0.003571982413153294,0.005122563377133449,-0.00650889868706755,-0.006538334491924697
2022-03-30,0.00998648265373997,-0.003915899308575838,-0.0010322287920526974,0.003984718450141076
2022-03-31,-0.00588307359714651,-0.005684612907052172,0.005123783668753863,-0.0035052041199390223
2022-04-01,-0.004187317020425963,-0.010780115212749906,-0.002091341951819047,0.00800785688947713
2022-04-04,0.0011772418415496517,-0.0013320676703758852,-0.0028683484542920946,0.003747752694630731
2022-04-05,0.008055580742498104,-0.002907969671408026,0.005817479071532369,-0.005040239354370141
2022-04-06,-0.006111871562699516,-0.007755097061740274,-0.0015310103948577391,-0.004585412761051531
2022-04-07,0.0012451806115347098,0.0022650937815608583,0.005522475126027839,0.00302762602612155
2022-04-08,0.009106494254065544,-0.002249851909323246,0.002144826955635994,-0.0013118906535508341
2022-04-11,-0.008258795740896337,-0.005378679793226162,-0.0017142232645491837,-0.0008467125351068278
2022-04-12,-0.0064053460342291604,-0.0027728620282022353,0.002398452652987652,0.00636119430886049
2022-04-13,-0.0021180330323041915,0.0053565226946480785,0.001602247569230189,-0.0037434443668497826
2022-04-14,-0.002602942064277055,0.0030146847187761112,0.00510441410501237,0.00045646886087727243
2022-04-15,0.004063006438768223,-0.0006501303074924492,-0.0027417276893250925,0.00477313896826153
2022-04-18,0.0012082985991041903,0.003095525092324263,0.00020603033390809844,0.004045587441928002
2022-04-19,-0.008874810298210642,-0.005804559781933695,-0.00030757839802318703,-0.0007980633376033625
2022-04-20,0.0025770520145040545,0.00016185050363515266,0.003520740708198924,-0.0014445294042632912
2022-04-21,-0.0028876944367782526,0.0007366116524323528,-0.0051258959722208786,-0.008694077312604657
2022-04-22,0.006372236084706196,-0.0023491825424936347,0.00508488524118928,-0.005281224963325979
2022-04-25,-0.0031379376821845982,0.002177291679787089,0.0023316438608520828,0.001591796132873668
2022-04-26,-0.0031830764155111784,-0.0039021672732222562,-0.0065846253681647315,-0.000689410944711181
2022-04-27,0.002705658054022657,0.0025491035388805895,0.006041314127402502,0.0003746353928311319
2022-04-28,0.003814632411684683,0.0027592938576564596,0.011170465403988656,0.005196268048170303
2022-04-29,0.002240496819681018,-0.014585799403485332,0.005009169847747039,-0.005936615545311373
2022-05-02,-0.00842798658692404,0.0059515285175505885,0.007134923836132346,-0.0011809015111632498
2022-05-03,0.0026901721996412556,-0.01523816282676377,0.00042685690801294053,0.0009435548170560886
2022-05-04,-0.005171540258371995,-0.0030802451277806265,-0.00830752459869255,-0.00352079968787258
2022-05-05,0.0011763805579413176,0.005126740171288775,-0.009220602255837625,0.0071573855696370845
2022-05-06,-0.007118672176995301,-0.0015864336262622035,0.0012754102193387924,0.0045429340080657375
2022-05-09,0.0022316107377153183,-0.00733092991234771,-0.0029598940386499004,0.0014506666354437774
2022-05-10,-0.004032994521536863,-0.005468685308583353,-0.004572881391636757,0.008971158896642932
2022-05-11,-0.006413173251302608,0.005134528731603099,-0.0003137334198433767,-0.007494476398050711
2022-05-12,0.0035691006824119975,-0.009607522652743191,0.003077926439306441,-3.8631405528408864e-05
2022-05-13,0.0012082226083837565,0.005644955504810086,-0.007263787733810736,0.0018316848446703051
2022-05-16,-0.0030698840069644856,-0.0002755104952114467,-0.002244388101401924,-0.0045727752339696105
2022-05-17,0.007255894245105321,-0.005961976652212168,0.0075493534156015766,0.0015035727090886416
2022-05-18,-0.0022032621078487123,-0.0029155753615134556,-0.005376441901106873,-0.005532912468939391
2022-05-19,0.0001605383698546733,-0.005086121705508206,0.004348805935824782,0.003452786591371266
2022-05-20,0.0013445672383930046,0.004331126004292643,-0.0024236538077449694,0.0052891738406445335
2022-05-23,-0.003098329670643068,0.0036621390488141914,0.0027289687992497636,0.0013616670056416417
2022-05-24,0.002355681466999647,-0.008595805669380233,0.005486637536014336,-0.00926398907532473
2022-05-25,-0.0026672617358236223,-0.0020179605925966706,0.003706408834925108,-0.004833967605830173
2022-05-26,-0.002058191611081046,-0.004315928311721386,0.004545798011069383,0.002823550016065804
2022-05-27,0.006813213199016705,0.006467549842296852,-0.00575796766703978,0.00010599321756182901
2022-05-30,-0.005202930262562165,-0.006750495590632105,0.005568298533706494,-0.01347001308846244
2022-05-31,-0.012063901654647451,0.00802114552342507,-0.0042634655731740995,0.006214151919341202
2022-06-01,0.008054684975059472,-0.00016647369758468784,0.001297708827857692,0.0006832825312691618
2022-06-02,0.012746639763035014,-0.005809672031900438,0.0012912309349861345,-0.004095373320000225
2022-06-03,-0.002026346327246659,-0.0033863709200463894,0.002425612794347905,0.004974777987833321
2022-06-06,-0.009684190203100927,-0.004008094203842253,0.0016847833803009526,-0.0033877000645344945
2022-06-07,-0.0015524198809797188,-0.00637309201007753,-0.0042190498926236155,-0.003442260588021073
2022-06-08,-0.001431114749203346,0.0004741342986518783,-0.006749337061478581,0.001791763255070181
2022-06-09,-0.0009496192051112852,-0.006139577753459217,0.004361743399808843,0.008905192296211475
2022-06-10,-0.005566940209609242,-0.010901831043690944,0.0009291728875945777,0.008117935889864432
2022-06-13,0.002897805712382387,-0.0018983823542408655,0.005746884204789089,0.0017985574945205331
2022-06-14,0.002622536876430431,-0.009014280982089413,-0.0002236646709393399,0.0023119282942515988
2022-06-15,-0.0074720280990965325,-0.003760804340337602,-0.007025821803384802,0.003957494660424125
2022-06-16,0.0034959836584744393,-0.004545514443016779,0.004830648405020531,-0.006284918376846745
2022-06-17,0.010263424909729455,-0.004356080360129071,-0.0018518530483055352,0.0032207416857599125
2022-06-20,0.0008598016621852993,0.010004815507950768,0.0017100172871051058,-0.0036703673407176406
2022-06-21,-0.0016866258103425302,0.0002820578358478538,-0.003237297142397596,0.0015923903339829036
2022-06-22,-0.0007100160720376066,0.0012268550449766609,0.008221508551168454,-0.0011373381380366866
2022-06-23,0.0030762838348428064,-0.008881991481711473,-0.004382824120915985,0.002506041635571072
2022-06-24,-0.008653358027536091,-0.0032698156681846098,-0.0016871487705308733,0.0005905173250323005
2022-06-27,0.0008219535148865112,0.0010765131497075598,0.0005372435134865819,-0.0153651513541065
2022-06-28,-0.0019523197473140506,-0.005122644564565032,-0.005460911635434791,0.0008944585585259031
2022-06-29,0.009239125064780227,0.004540314217589927,0.0016525976429379759,0.0032107647614963136
2022-06-30,-0.0008708636690247894,-0.0060134829295051505,0.008059552387337451,0.0022296417416922685
2022-07-01,0.008339438055597599,-0.0014318306793258781,-0.002452310803468552,-0.0005129297310428982
2022-07-04,-0.005518703488910036,-0.0029302581998777934,0.0019757140951586274,0.00821080845965203
2022-07-05,0.002936295834013961,0.0008216032969095799,-0.013747176930192777,0.0015568656456083055
2022-07-06,0.001597001318956144,-0.0032024503592771297,-0.0001946460024242033,0.0021883665009655314
2022-07-07,-0.004345236239323912,-0.0013544681353546866,-0.0015652114296310269,0.005222459470252844
2022-07-08,0.0008869805731847022,-0.0011806504588899277,-0.004092488012051925,0.001812964998482994
2022-07-11,0.006062594184158002,-0.003671938786956505,0.005407252348142661,-0.0044900887670710175
2022-07-12,-0.0016189585214330035,0.0024254693424855633,-0.001631218408119141,-0.012191687068898113
2022-07-13,-0.008459813245848817,0.0011919418741871265,-0.0008873874354679373,-0.0023856045100904073
2022-07-14,-8.781413238722955e-05,-0.0004430697262658365,-0.0018859643739453558,0.0038047276294055827
2022-07-15,-0.004512115473962563,-0.0021522916673097905,-0.009584079358825383,-0.0017654816570890292
2022-07-18,-0.001711704693319412,0.003982720152599985,-0.0056599322003848054,0.004005891861408648
2022-07-19,-0.0004079388484256049,-0.0011791712190709067,0.004805467430601082,0.000743640879601365
2022-07-20,-0.008528261080077586,-0.001533486439129686,-0.01054975323439986,0.006440330351310923
2022-07-21,-0.008078291696603391,0.0005234501494406301,-0.003831576748078528,-0.0014760835356033056
2022-07-22,0.0024103341776276262,0.008482933414854253,-0.0019986002814488192,0.00233807413283844
2022-07-25,-0.002613593480848402,-0.00670178104010602,0.008718109336457827,0.002529425322676796
2022-07-26,-0.012823721709102835,0.0038492844652767734,0.003843018827481845,0.007508009363155966
2022-07-27,0.0039242201830406755,-0.009465855806190525,-0.002785852635265498,-0.008533186531671389
2022-07-28,0.0013618487763711992,0.0010863657911431197,0.006522568485577755,-0.002292041372765788
2022-07-29,-0.0035693741201824197,0.007875414138043654,-0.0037025791025055983,0.004242580526942519
2022-08-01,-0.006584151055291207,0.002443342622336536,0.0050454990186700275,0.007729482398893241
2022-08-02,0.004179039481571686,0.0008531253926989641,-0.006794386229615078,0.0012003575632104017
2022-08-03,0.001746753112802148,-0.0028022473440153777,0.005366289158945786,-0.0014635208221074347
2022-08-04,0.011913011413420367,0.0001552360024427712,-0.002030668227354928,0.0037855918433722237
2022-08-05,0.002100942993624687,-0.0012603140770167814,-0.005142521204706349,0.004343513376158415
2022-08-08,0.0019385157063100743,-0.003929883039656777,-0.0010857180653815702,-0.001798308393336536
2022-08-09,-0.0008346396505428256,-0.0014493780773743492,0.0013867208986010743,0.0016515365608877311
2022-08-10,0.004083879336003955,0.0009919058031321976,-0.002473742152628561,0.005902636312059847
2022-08-11,0.0031254260062407685,-0.0038360853426532017,0.002769767529976619,0.009452294966372258
2022-08-12,0.006258625042825975,-0.0040314091034234206,-0.0029149694183203375,0.0037130247961764595
2022-08-15,-0.0026066145931864237,-0.006801217187960872,0.00310186196965679,0.00022069448332796563
2022-08-16,-0.002177037364719812,0.0019536251304444804,0.002211110310182998,-0.00027037588018954104
2022-08-17,-0.0023955158545599007,0.002726616309835302,-0.0003046152735396751,0.0027869827859681147
2022-08-18,0.0039540086058949455,0.0011583022211825874,-0.002206911561829749,-0.0005783642123972509
2022-08-19,0.007491872201483661,0.00482585246364333,0.0007577039788263308,0.0009482024951119412
2022-08-22,-0.0022942024657465034,0.0004393381854036376,0.0027512687151684963,-0.005289381322654374
2022-08-23,-0.002123868638965456,0.0019600546868287837,0.010308995763658043,0.006485285982455795
2022-08-24,0.001570386119348996,0.0015191871281878143,0.004697102108990905,-0.005700923635743392
2022-08-25,-0.0012288075000645071,-0.0004577000970910394,0.004879949749079206,-0.002160558802265063
2022-08-26,0.00476026826569945,-0.0026541091406482365,0.015442560974301418,0.0004879663042590691
2022-08-29,-0.011258886453095234,0.011070763078959557,0.002579792383839221,0.009954934399443194
2022-08-30,-0.004133525234584473,-0.0022597548992675425,0.0024232175565585116,-0.002113414924261637
2022-08-31,-0.003912081669807229,-0.003329388555602182,0.0035200753716082707,-0.0033300790698019816
2022-09-01,-0.011601780061930725,0.002170049117250535,-0.0050448298879412655,-0.002754084586668969
2022-09-02,-0.00481819222184402,0.0012592720764750256,-0.002219508182093781,0.008294485838056562
2022-09-05,-0.004575780579229631,-0.007023957738051637,-0.00253084633346167,-0.014061734967530106
2022-09-06,-0.0010055232725941516,0.005613391272818693,0.0032380698860978085,-0.0050136900607429345
2022-09-07,0.005564829458301318,-0.00047097287675416656,-0.0008708728111059934,0.013656443545797758
2022-09-08,-0.001225303255953512,-0.005554655476078603,0.000691117127371514,0.0029544103674581847
2022-09-09,-0.005154068601355769,0.00594392057176937,0.005437273100742323,-0.0055299247466961
2022-09-12,-0.0002847727060676449,0.0031283778579807697,0.004315753693520694,-0.00020958991087385767
2022-09-13,0.005245868107206747,-0.006322709959739571,-0.0008086050152062351,0.00033727283033930833
2022-09-14,-0.004879794080574524,0.008885914201288621,-0.003349975484391112,0.00423062622952803
2022-09-15,-0.004552874419607243,0.003293986841830964,0.005676373658265943,0.009197510014112818
2022-09-16,0.0027927447963711173,-5.098057812523066e-05,0.003869455904549329,0.0019427584063960773
2022-09-19,-0.0011076805786540027,0.007951094028108898,-0.00803128409147691,-0.002698941515064804
2022-09-20,0.0032374234535473717,0.0007964889191482029,-0.001565769694541404,0.003935422210491021
2022-09-21,-6.82339589764838e-05,-0.0001404153755201599,0.0008275773100838121,-0.0034912634843143053
2022-09-22,0.003508318240447835,-0.003301500580109945,0.003894148585605157,-0.005166687479945147
2022-09-23,-0.005175390570203204,0.0029092521965353928,0.004550507474698856,-0.008799544359782226
2022-09-26,-6.04232539413372e-05,0.0023830148366198994,0.0014195300058773674,-0.007825641972502004
2022-09-27,-0.001053450071815784,7.340069944855644e-05,0.00292623765679428,-0.0044822257806213595
2022-09-28,-0.006079454620520654,-0.003949931769338015,0.00032068401189076816,-0.005888948838504355
2022-09-29,-0.007817389739343442,0.0006496492708303693,-0.0033692584409028034,0.0015661826368735868
2022-09-30,0.003428745176373309,-0.0003489939288106894,-0.00130632195520627,-0.0059970091291201766
2022-10-03,-0.0017547619110898905,-0.006667371593671006,9.495593320054137e-05,-0.01571833151012372
2022-10-04,-0.005111401408236647,-0.007359061756620928,-0.00017339625009294937,-0.005219558872947329
2022-10-05,-0.00048089468461666126,0.0028257668940488475,-0.009427864522217354,-0.002359298238607097
2022-10-06,0.005640094286746513,-0.013009441575258445,-0.001987416674647156,-0.003027247439359827
2022-10-07,-0.011403689226859614,0.0010270526348062998,0.0002810282654457593,0.0075976233965459215
2022-10-10,-0.007483193449516632,-0.0023904152887691227,-0.001406849959528505,-0.0030677127964457507
2022-10-11,-0.004614432209476338,0.0065412330343995505,-0.0012341189775579287,0.004404617315995989
2022-10-12,0.007305894333601645,-0.002467341045769379,0.002439956854022937,-9.491299840430856e-05
2022-10-13,0.0014129349145964826,0.0032974210712594797,-0.005394785935243169,-0.0002115236283629937
2022-10-14,0.0038365862023061344,-0.001984569206188958,-0.008140211069756056,-0.004176901444240185
2022-10-17,-0.005700804595631152,0.0005687407674307173,-0.0017408489541833742,-0.0002939132579038358
2022-10-18,-0.005597679376352631,0.003684182654600256,0.003820572027508948,-0.0038254806344870844
2022-10-19,0.0022390685836135523,-0.0023127785816229006,0.008437765197433193,0.0008501215712728526
2022-10-20,0.0002913716546772328,0.00498277442249202,0.0039106411954737,-0.001181248163118441
2022-10-21,0.002743694094320633,-0.004968489385532416,-0.007341318799344236,-0.004723139665958001
2022-10-24,-0.0009383549546422607,0.0014729642127918954,-0.0011618361968838559,0.004959471698502977
2022-10-25,0.0013907186322731349,0.004613198613939264,0.0012831719054076471,0.0021342024001071267
2022-10-26,0.0007905954245255458,0.0033001874589516744,0.000887955584617961,-0.002240313670711241
2022-10-27,0.003888836945424627,0.009582224383677052,0.00269652276471437,0.0007274652351765501
2022-10-28,0.004035041409722353,-0.0038171965865533026,-0.004585244732303804,-0.00041911260750981824
2022-10-31,-0.008099359971958849,-0.00689574625674294,0.0003247154377537131,-0.004337954686316369
2022-11-01,-0.011236342776704279,-0.0049716755424755975,0.002101614148880645,0.0003524811451058192
2022-11-02,0.0050087269882575355,0.0033022128327421852,0.0041283547665182975,-0.0031050587740368723
2022-11-03,0.005938625466309683,0.0024896146713468932,-0.00402859083306396,-0.004724669178100496
2022-11-04,-0.0051031150975666874,0.0005112832982370789,-0.00172578433621449,-0.008113836651332624
2022-11-07,-0.009299177032728144,-0.00561478524553565,-0.013519088400366702,-0.0017930367676931536
2022-11-08,0.0004951741050360046,0.003834336466645304,-0.003107309837888871,0.002834853297918617
2022-11-09,0.004654191131752647,-0.006123523888252702,-0.0026220744648552154,-0.0034732967668942983
2022-11-10,0.008987972612171572,0.0057947479118845,-0.005097922540837216,0.012603543460789847
2022-11-11,0.0025814878605072552,0.014287192115699326,0.0008280607511632585,0.004428428268263662
2022-11-14,-0.0018585834829284748,0.0018322557328577524,-0.00027972716022634116,0.006521650663302391
2022-11-15,-0.004465653107924314,0.0029155406782887154,-0.011296069387888057,0.003976215060368793
2022-11-16,5.725645835327208e-05,-0.002464298844477797,0.0010775398465087823,0.009264324874692864
2022-11-17,-0.001496323519426282,-0.009051066605434081,-0.004641620653945138,-0.003935009917362711
2022-11-18,-0.005075339528644081,-0.003013596815151112,0.0024284447959525756,-0.012803686928293107
2022-11-21,0.010243778254316434,-0.005464476205493747,-0.006409256238643328,-0.0022306280417644154
2022-11-22,0.008925842010360655,-0.007235022882075079,0.0001500326926547006,0.0027910928777376883
2022-11-23,0.0056802434177771425,0.008611799709978246,-0.0014158166444325296,0.0007575848587398923
2022-11-24,-0.004604251989045638,0.001364312590128865,0.0015155094247516518,0.0013773630548389185
2022-11-25,0.004275096621486394,0.0018984379030699183,0.0006234863882567343,0.006604550013349362
2022-11-28,0.003198132047489509,-0.0015451118259812476,-0.0012758208751072722,0.0019102878723124982
2022-11-29,0.0022127281210202647,-0.0008643554122171817,-0.007681361570221224,0.003994564637955108
2022-11-30,0.006248326335218886,0.004822753411196667,-0.007386039817305158,-0.004697813709263795
2022-12-01,0.003176855714306387,-0.0001616855934760772,-0.0029194346954610952,-0.005476968446080184
2022-12-02,0.0037000711815216776,0.002653469690123664,-4.139941964793485e-05,0.008070569615122439
2022-12-05,0.0031845314168610504,-0.0009800214892250793,-0.003041239735995585,0.0005045076757353393
2022-12-06,0.0017039570400105295,-0.001710764453660236,0.003126059652897328,-0.0031161459172306745
2022-12-07,-0.008918055648570917,-0.00703457082800931,-0.0013961045960584183,-0.003106972467735591
2022-12-08,0.00041810538705278614,-0.009888745311835642,-0.004825063623897552,-0.003245615608191288
2022-12-09,-0.0027809597942456262,-0.0013078095053320091,-0.0013904814649395468,-0.003544795105229209
2022-12-12,-0.006399204788200103,0.00028248345996616345,0.001129299181582762,-0.006415739013018299
2022-12-13,0.00840908309650412,-0.006430650183543955,0.0016244235941229221,-0.007502102011102543
2022-12-14,0.008644976704428518,-0.0001723743251731644,0.009391895659965647,-0.0009750218882720958
2022-12-15,0.00679610300147806,0.0002687628149525101,-0.003344546700017097,-0.0029646293516019974
2022-12-16,0.001276067084279373,-0.010780040030296896,-0.00036739330795200194,0.0055357964272164766
2022-12-19,0.006753125604763284,-0.004575623297397506,0.002130619734097132,0.0014653832663345829
2022-12-20,6.026590300912771e-05,0.0020363194686773426,-0.00011711479600407662,0.0013265884003899155
2022-12-21,0.0010139863844888968,0.0019352936469787193,-0.002503090729943266,-0.0037156020377722533
2022-12-22,-0.005467356852309915,-0.005768374581998803,-0.007746285881721218,-0.0006051420788998785
2022-12-23,0.0019849565224942,0.0007922402524986748,-0.0025541727952650777,0.0018050055181572018
2022-12-26,0.00030192964212208547,0.005112036126802361,-0.005368512063589005,0.0035809786985633767
2022-12-27,-0.006513260584172322,0.003885364794954491,-0.008633033405618893,-0.0004694591325918276
2022-12-28,-0.0002559855590829845,-0.00047642893506967283,-0.003978394208352933,0.005395618896621045
2022-12-29,-0.0003986478192840424,-0.0023398815666214622,-0.0052354586038322725,3.9946544539713566e-05
2022-12-30,0.0089878058332232,-0.0031467224216725222,0.0029189327264647407,0.003964235592588399
2023-01-02,0.004471066642567047,0.0023390989145482856,0.003005459187071469,-0.0024492610429457514
2023-01-03,5.7227195457330076e-05,0.0009755198657144401,-0.004519396447904374,-0.009062941832843209
2023-01-04,0.0012439365490054149,0.003147020030511002,-0.0013011431528156057,0.0013417949400926132
2023-01-05,0.0002210618905209903,0.0006593690656057599,-0.009291213310562678,0.0036266203157331277
2023-01-06,-0.0010145699239777386,0.004093819751737209,-0.0024716997509134707,0.0028767366590378473
2023-01-09,-0.005412135986941434,0.00047296266478850084,0.001994909503511728,0.0021109333071872
2023-01-10,-0.0007552593880346463,0.003923443580658432,0.004124689448070514,-0.0017429348297749365
2023-01-11,-0.003730491283262567,0.004354113851833195,-0.0035652354084565693,-0.004033731257227962
2023-01-12,-0.0062515776946157325,-0.0040226331511240675,0.0052592743026375986,0.0027586413452189026
2023-01-13,0.0025561090727376735,-0.00904072023435373,-0.0075784596075673585,0.002132237080991375
2023-01-16,0.001956323299666175,0.0077174642800727665,-0.006238138995718963,-0.0028044954542191312
2023-01-17,-0.00893353755684039,0.0012832936535613086,0.0035483093281893814,0.005547120945960284
2023-01-18,-0.0006134231874756361,-0.008572429477480608,0.008355606142816236,-0.004414327572738003
2023-01-19,0.004978506929499618,-0.0035690974860935554,0.002467159940918477,-0.0029176168939552024
2023-01-20,0.005296118694481604,0.003859371461849142,-0.00020171193267006212,0.008182126061708326
2023-01-23,0.005129184214426193,-0.001398384155664465,-0.010975918732611042,0.004342909688669564
2023-01-24,0.000194566034507299,-0.0025603070965956355,-0.010112235280217397,-0.001790046529455113
2023-01-25,-0.004225226639845756,0.0070044093015648335,0.0006470476844793448,0.0014369035482177525
2023-01-26,-0.005418494136790303,-0.0052364357319190525,-0.0017903133478558728,0.0007739612226191916
2023-01-27,0.0017230245237517875,-0.003990766788774169,-0.00552917591076059,-0.01372806932488689
2023-01-30,0.001896400171825815,0.0010569323752413378,0.0003276629041502536,-0.0045323697473669084
2023-01-31,0.006436655558025327,0.0019522746602694113,0.0005756568375390479,-0.0002542330855464076
2023-02-01,0.005499898251710418,0.0024817151717036576,0.0047220793427013635,-0.001783057382796531
2023-02-02,-0.0006611432826558605,0.004556190222844735,0.0006830114150635039,0.001235512824152103
2023-02-03,-0.006221029394304347,0.0009928931034075843,0.006141971841671923,0.0056474115647395995
2023-02-06,-0.0015955329850544891,0.0024469196946920457,3.9970147744066816e-05,-0.0016076789232696374
2023-02-07,0.0010861559740526234,-0.001296046296575416,-0.0005766749740366805,-0.005288273980614325
2023-02-08,-0.0010104162269470205,0.0003134915161835712,0.005321560931235912,0.0016242582925552263
2023-02-09,-0.002889470540388279,0.0005376709002681722,-0.004892204400207173,-0.0016331166678390174
2023-02-10,0.0012644240748494945,0.0010754906790951804,0.014072237266330808,-0.0007803175041095132
2023-02-13,-0.002519788707053052,0.003862699037913804,0.0018762873908336791,-0.0014588685957653933
2023-02-14,-0.00314033041862687,0.002775728409724155,0.0019041462641883656,0.01120918900005493
2023-02-15,0.0015572641715171978,0.0002210850145009155,0.0026254798698629876,-0.011203521304989725
2023-02-16,-0.002009962900646024,-0.004045629924705199,0.009385682376658213,-0.001941669515663231
2023-02-17,0.0012205219448917606,0.0003383562903135477,0.0039625370583630335,-1.8445128241960258e-05
2023-02-20,0.0013660201142606135,-0.00014008892447871967,-0.008025279895019619,-0.003905712461413894
2023-02-21,-0.0056971450054578735,0.0009659078990659918,0.007017351923837522,0.004499129160641415
2023-02-22,-0.002406205619327061,0.01103262653570201,-0.0017044828972250863,0.004066288393598197
2023-02-23,0.007188884699582312,-0.002618863892706177,0.0005357753641966174,-0.00023877309244270305
2023-02-24,-0.005810397563671436,0.0021114450956267977,-0.0063962698608763325,-0.0013533687767184708
2023-02-27,-0.010583272244852655,0.005342310336221491,0.0026310100906194785,-0.000559784171158235
2023-02-28,-0.009309225766212558,0.0004900095704969145,-0.003256871450337761,-0.0005239332682390536
2023-03-01,0.00014554973288334602,0.011689225595860827,0.0005008481899673688,-0.0003918651406288133
2023-03-02,0.00015458639016349454,-0.0018901964586573836,-0.001420495026803915,-0.0009399955075839975
2023-03-03,-0.0005880542771256047,0.0016204461116002353,0.00962506400867926,0.001262246572961964
2023-03-06,0.006070949144642508,-0.00399402872446491,0.009911301500727948,0.0037660603241393255
2023-03-07,-0.01336417216551469,-0.0017576236757164657,0.00023256585107370693,-0.006151300737992884
2023-03-08,0.001979669372154118,0.0012446695519832895,0.0003198885568442737,-0.005253319496165745
2023-03-09,0.007807191009017867,0.004231520311538649,-0.0018672148317475754,-0.008742590147417618
2023-03-10,-0.00563890382445857,0.001595474170117871,0.005530031457513931,0.0043319870017879975
2023-03-13,-0.0018990325589494756,0.00629557424667368,-0.0016445993516668858,0.0012516164659523157
2023-03-14,-0.0037644595861431045,-0.0004748265529633587,-0.0021066863732284967,0.0025263375796638534
2023-03-15,-0.004471730230387644,-0.0016608426491950268,0.004892964318324823,-0.007147491191817342
2023-03-16,-0.0016313100251152,0.013519925536396932,-0.002691495476583247,0.008924740614400692
2023-03-17,0.007137426418422524,0.001971188247210154,-0.00018877517224265291,-0.0030442545407267886
2023-03-20,0.009186933377437602,-0.003597407729892738,-0.007906553907554964,0.0008410290355562794
2023-03-21,-0.0016796961252007387,-0.003471318811240344,0.003520951725615835,0.00427192330339186
2023-03-22,0.00952530107032235,-0.0047133995726567025,0.009704334695909344,-0.0049348987789803594
2023-03-23,0.00017788238492312433,0.0046828467792839395,0.00360612686399896,-0.002731621792563334
2023-03-24,0.008768455133505406,-0.0018218864644662092,0.007308995837736525,0.0008958588730043713
2023-03-27,-0.00046649324826745884,0.0006368123782824281,-0.004230510680886654,0.014287365377323532
2023-03-28,0.0006552891302307215,-0.0003175433721913436,0.0011816214101410035,0.0015056237142601215
2023-03-29,0.0018273723632141728,0.0036574620397046734,-0.004715799621846948,0.008031805753153591
2023-03-30,0.015894268396837677,-0.0042337204644201,-0.0011388277279067143,0.006028365725959778
2023-03-31,0.004256427874223945,-0.005377861430715078,0.003861057386762524,0.0018400501824725937
2023-04-03,-0.003536322649757318,0.0011214865359079713,0.0005091030655164932,-0.004945978858153394
2023-04-04,0.0048449893513792894,0.003004796423499485,-0.007063205113006108,0.005298768054091176
2023-04-05,-0.0018091626854217075,0.0016626615654882037,-0.006575145527688767,-0.007490551708240235
2023-04-06,-0.002448750914506046,-0.004047268645486638,-0.006905819657453869,0.00800437561838546
2023-04-07,0.004543006799460556,0.003387424210456969,0.0024572629496979513,0.0010000265410912766
2023-04-10,0.00015542793885576394,-0.003719304635478171,0.01031947267828334,-0.01325111773649088
2023-04-11,0.0013928795725590304,-0.0026076932239319167,0.006812291220001064,-0.0017025304751591946
2023-04-12,6.99261093264623e-05,-0.004719767623610011,-0.009479925995730321,0.0032697391046147026
2023-04-13,0.0016829156330271735,0.006505791743260154,0.00710537969034892,-0.0011851193651988335
2023-04-14,0.0021248294871807462,0.003167107705136746,0.004682002085073236,0.0035750290549678666
2023-04-17,-0.009684834663527077,0.003024966878394367,-0.0077264997276437885,-0.004250120838561478
2023-04-18,0.003332863343047668,0.006236057105712252,-0.0015160080835524875,-0.006529911863938038
2023-04-19,-0.004910097099151503,0.014063246241193617,0.005477612057479048,-0.00035722701523802693
2023-04-20,-0.007211495677797056,-0.008546130519550778,0.002752167554673927,0.00015782833644957392
2023-04-21,-0.0002920562192934122,-0.0036918829043855405,-0.006545475261939928,-0.001741921755311607
2023-04-24,0.0004199050165722713,-0.003080875420872619,0.003053710778980971,0.006136455733210963
2023-04-25,-0.003467530822861404,-0.004254098111913464,-0.01068750298040294,-0.0042510368756952886
2023-04-26,0.004155159288339872,-0.005387916238018563,-0.001114110878786057,0.0015658280366617472
2023-04-27,-0.006710875831854535,-0.0014982653202768282,0.005689783847000244,0.00033984985581812614
2023-04-28,-0.0020347187438627947,-0.006083018576447025,9.197107785659917e-05,-0.007783579760680417
2023-05-01,-0.0029243706746650035,0.001675211837687066,-0.0024946877498097297,-0.006595150918342562
2023-05-02,-0.00023293635169669685,0.0002584916071430732,0.004446731268861746,5.9555081243157047e-05
2023-05-03,0.001394321423236194,0.0024051433238182767,0.004873759075432907,0.00990599999343482
2023-05-04,-0.005039464748117724,0.002538642258191263,0.006550198464334751,0.002896349059494055
2023-05-05,0.003621413387281141,0.0030150342671333825,0.004371712142231937,-0.008628174125723163
2023-05-08,0.00031501184167349866,-0.0018670446841194117,0.005406873969685733,-0.01555244032559669
2023-05-09,-0.009459731266559553,0.010605717013168337,0.003664542787187673,0.003665267965021899
2023-05-10,-0.009792957201985156,0.0011721555824104888,0.0013276432455823597,-0.0004810674146409951
2023-05-11,-6.159646464655617e-05,-0.009312423763123976,0.00044754499881907044,0.005706329847551848
2023-05-12,-0.0011048365889317704,-0.0050118787288310875,-0.00118629859548701,-0.004403589603557208
2023-05-15,-0.0005171005678731675,-0.008702514945139078,-0.006061841465298629,0.001751062489292631
2023-05-16,-0.0001399122826510899,8.667314575653664e-05,-0.0047765575440990434,0.004230867315139313
2023-05-17,0.0011277991975509037,-0.0006090261202666682,-0.0014100724096760484,-0.0022373181910324094
2023-05-18,0.0047382480492414985,-0.0023421284894972892,0.0012072607980121465,-0.002130427851155327
2023-05-19,-0.005555524504587791,0.010054630562002571,0.0072040629900213165,0.00012631415549195244
2023-05-22,-0.005859857964503974,0.002744914370384554,-0.00020898613937756264,0.002713381732801644
2023-05-23,-0.005466619289436913,0.003630491807231672,0.00501738145438832,-7.16700225595547e-05
2023-05-24,0.0014445833358435346,-0.004655367439710516,0.005396578282160604,0.004869981688797432
2023-05-25,0.006224736893232228,-0.004995724456655061,-0.001157233988443955,-0.0023096759463351497
2023-05-26,-0.0021566971911975525,0.00018402749548477375,0.002973451056850919,-0.006641976027315548
2023-05-29,-0.012508499220798273,0.0008650356982611291,-0.0012176402086243076,0.009884876840565899
2023-05-30,-0.008519964313051877,-0.009281557835572286,0.006610679470392384,-0.003023168682712232
2023-05-31,-0.004165183613980058,-0.0009015351142476703,0.003179216691329661,-0.0028422104185887366
2023-06-01,-0.002788644437476074,7.036041436752403e-05,-0.005952418773441777,-0.00032901660536092177
2023-06-02,-0.002041943136273632,-0.0010757458288556448,0.0008076232607692337,0.0003359055482699059
2023-06-05,0.00019290561490458534,-0.004066952061733382,0.0082405608091194,-0.0019334182124414144
2023-06-06,-0.0015587316541122356,-0.0026976759096057003,-0.0009061551727335058,-8.71694847450452e-05
2023-06-07,0.005246698052717036,-0.0008842959678639802,0.0022385751504753405,-0.00019881115714086978
2023-06-08,-0.003380086528406844,0.00045400011805023883,0.002729394188695726,0.0008740966351040349
2023-06-09,-0.004311589797377715,0.0030239579127528398,-0.005183114495823002,-0.01178743729493658
2023-06-12,0.002394377692602308,0.005404281024754356,0.0025535397460675698,0.009404381535039247
2023-06-13,-0.007678210349630597,-0.001471738617636249,-0.006969175760173129,-0.0007364415676727877
2023-06-14,0.001948458526600011,-0.002280780980576789,-0.0031281205320069804,0.002903113097234927
2023-06-15,0.0005127659186313343,0.0021882783676715313,0.00537861483747096,-0.0068905067076701215
2023-06-16,-0.0007372124495908371,0.0030542245820542714,0.00178378145154179,-0.0023550013062462512
2023-06-19,0.007941380535746312,-0.002171002166294428,-0.001522389038732635,-0.0033615793316020726
2023-06-20,-0.00311103722647359,0.003951967384830861,0.0022323051062259373,0.007348618822542726
2023-06-21,0.010301490852620393,0.0048979267057798655,-0.00030046123877565725,-0.002929068034179414
2023-06-22,-0.0011271572461404966,0.006458432328293366,6.289251175916625e-05,0.003790399934700456
2023-06-23,-0.006385082224851141,0.008891604533599112,0.003284092633600688,-0.003252102263365976
2023-06-26,0.0003495979049741265,-0.004332080693297194,-0.0036368387032956594,-0.0022630946982697205
2023-06-27,-0.005381226001593841,6.949104666255596e-05,0.00020168202777345347,-0.0012277508260034298
2023-06-28,-0.0037587792390675013,5.63884830933007e-05,-0.0015613409730332645,0.0064192256341465016
2023-06-29,0.0019851665000774556,-0.000490367842662538,-0.007928016873001278,-0.009449263295150593
2023-06-30,0.0027779104432506243,-0.0032463145980506807,-0.0046022787812464985,-0.006578317776372164
2023-07-03,-0.003110838501271291,-0.007427810016155357,0.007841032235319161,-0.009736525828449085
2023-07-04,0.004937025725232003,0.000463397230145019,0.0019236165729261704,-0.005437510598807252
2023-07-05,0.005787538790105669,-0.0038417782977395627,-0.0066179415070069456,-0.004058000255960536
2023-07-06,0.0071815087828164545,0.00042996740373812503,-0.007701771879242053,-0.008072406270451945
2023-07-07,0.0026470670356286106,-0.003970217708494267,-0.0005608195005529197,-0.003670738733073345
2023-07-10,0.006817143560428494,-0.005498291729221707,0.0078059326658824115,-0.010073572404667075
2023-07-11,-0.009403992139870289,0.0011714918018844885,-0.0009337906740217632,-0.005089943618838406
2023-07-12,-0.001589532743142313,0.0007546076340324798,0.00653499776702008,0.006002101999551003
2023-07-13,-0.004335026281617131,0.0028964098566046648,0.0017596538540932871,0.0020179403514055142
2023-07-14,0.0005961293056369604,0.010929318832088126,0.002356252289229468,0.0009373383608626386
2023-07-17,-0.0028572460959836866,0.001386447656054234,-0.0066786025465228474,-0.005013892781395572
2023-07-18,-0.0008307892097486619,0.002425408835320648,0.004687614608748788,-0.00768042479522362
2023-07-19,0.009410874401020248,-0.005387806644336627,-0.0016746601863680361,-0.005695780377671404
2023-07-20,-0.0008485989821018915,-0.006434537202681873,0.004315462268054541,-0.00021604913448007492
2023-07-21,0.0020689615859510696,0.007914147233866669,-0.0040708499099305654,0.004340883898633342
2023-07-24,-0.001161346649621176,-0.004617398899666518,0.0008852467375495625,0.004511837085676602
2023-07-25,0.0003785664397841684,-0.00521972035734321,0.0017600147696881575,0.0031530618124166647
2023-07-26,3.00834021803573e-05,-0.0001954946060827649,-0.0007701665828793327,-0.003687784320339721
2023-07-27,0.0022416203298657976,-0.0004509620668869418,0.0020227259654307835,0.00012274916201994018
2023-07-28,0.0058265376777358845,-0.004512532532216458,-0.0013319853759625438,-0.0016067126501862294
2023-07-31,0.008236969988016648,-0.0015248660935655001,-0.003245298765206397,-0.0010059488174737512
2023-08-01,0.0015481004095458343,0.006146878588250522,0.008027416913969822,0.010185639484799065
2023-08-02,0.002947734430178011,-0.004029968044158988,0.005244764331807212,-0.008810001185018063
2023-08-03,-0.005754322545927835,-0.006968362421830858,-0.003804323725240884,-0.0011733840796113043
2023-08-04,-0.00043938371207810287,0.004712968104498961,0.0028422215279730644,0.006058744535980784
2023-08-07,0.004701447324417945,0.0024614845596901834,-0.003713394273505765,-0.007329457475167691
2023-08-08,0.0043298431920857664,-0.003102593103243308,-0.005923423218311621,-0.003218737126331252
2023-08-09,0.001058048663975251,-0.007910835080634589,0.005169047206994882,-0.0026451924878381976
2023-08-10,0.004431969797839762,-0.003723116782192816,-0.008520498128237028,-0.0011164486102699226
2023-08-11,0.0024538335449690945,-0.00027352218424635656,0.004634279567882706,-0.007979785798031085
2023-08-14,0.006001531291296608,0.005828360449419096,-0.0012636115628652926,0.002976430301690197
2023-08-15,0.0014467957847855556,-0.005182909874348285,-0.0010577330154026433,0.0033314364125657204
2023-08-16,-0.0017784915778551733,-0.0004225994075573672,0.0020487560981164487,0.0025418766250897384
2023-08-17,0.0016792062846651182,0.00337572329947449,0.002905994059971262,-0.004351868371455407
2023-08-18,-0.01465297187926388,-0.011906336700609603,-0.004131715884144542,0.0004325539539364756
2023-08-21,0.0019144286819252473,0.005168930839694499,0.003588628043750317,-0.004497201197845437
2023-08-22,-0.018242064126073917,-0.005912252861032187,0.000566852690126117,-0.0016629833038575635
2023-08-23,-0.00861731703702709,0.001659977467284673,-0.0062802739643401904,0.010767339635854389
2023-08-24,0.002258843004704921,0.0012334157480537204,-0.0008493724178986959,0.0004784768879812799
2023-08-25,0.0023876466863339764,0.0054229319573192245,0.006906395077794629,-0.005937632879935867
2023-08-28,-0.0058121439006996525,0.0027546219044677018,0.008382973991228483,0.0009016767033195693
2023-08-29,-0.003560510209394694,-0.011886452458649905,0.0035867422880433864,-0.006758979630316548
2023-08-30,0.00685270494307066,-0.003923896235779957,-0.0059517174408418505,-0.005995051962575059
2023-08-31,-0.0024201506578633808,0.0006910256467664004,0.0024530345122794413,-0.005205615679743955
2023-09-01,0.011214601562014925,-0.0009748994305989348,0.004254304519295964,-0.0022215472609784176
2023-09-04,-9.599265881730746e-06,0.0023880536487838524,0.0036285399165936105,0.004684844977946008
2023-09-05,0.002040180884406334,0.003946832778348527,0.003924771443439591,0.0028919909900841957
2023-09-06,0.008084371992493037,0.0030422586821483954,0.0018163153962376542,0.0026149766412366417
2023-09-07,0.0006551355809670978,-0.0010713747127723261,-0.0003620616941527185,-0.005494622827952712
2023-09-08,-0.0050117199034540065,-0.009231685055602403,-0.003041837479520092,-0.0027065717771782433
2023-09-11,-0.0005486372584714506,-0.0022774062442740862,-0.009489677592507482,0.0013600055344159417
2023-09-12,-0.00017805368095045467,0.002081840740694776,0.0016982088335667541,-0.003141599926942065
2023-09-13,-0.006823708261007827,-0.005452236262752388,0.0009302642182609427,-0.0013918322015054922
2023-09-14,-0.0012791603567041169,0.0031563736506078814,0.002787879214124081,0.002206793462649748
2023-09-15,-0.0037109604699871834,0.004541966486336522,-0.006687718466464471,-0.00174386340600651
2023-09-18,0.00462178878593717,0.0006343348814792128,0.0032250834465753016,0.0011302979455101263
2023-09-19,0.0001730593709262781,-0.01531889933156198,0.010272725473103886,0.007963642280097842
2023-09-20,-0.0014139787457378504,-0.006390441813559017,0.0003922506538895567,-0.0008592939949349877
2023-09-21,-0.0005309096531128814,0.009430945792780409,-0.00030832659603270414,0.005896689048596031
2023-09-22,0.0011156100920308306,-0.00273268896514189,0.001545011780428505,0.002796850336536791
2023-09-25,0.003084070998448899,-0.00992071611564498,0.01016168512355169,-0.007336209967433833
2023-09-26,-0.004998561143346907,0.006176236941551362,-0.005118238808499455,-0.005510685146317621
2023-09-27,-0.00520793816310636,6.677795771836428e-05,0.0010160346669695248,-0.004167979415349482
2023-09-28,0.0055233960770126505,0.005524702444788627,-0.003998287111488221,-0.004274174584663917
2023-09-29,-0.002061684361023653,0.0013847933760968265,-0.002735023604224975,-0.000451448730534071
2023-10-02,-0.007084210462984371,0.0022927956810608443,-0.0002479515394096967,0.0030732202404091112
2023-10-03,0.002219063546915523,0.001815046238572583,0.006736616208067794,0.006275792083523614
2023-10-04,0.0023168490301634344,0.0034874415596050003,0.009004953003443684,0.0015408754436254113
2023-10-05,-0.007653576286283532,0.011387152242780491,0.0022407107231335317,-0.0022283977802660493
2023-10-06,0.0011474085773180314,0.00485503167979594,-0.0018829736151174264,-0.010411206218149371
2023-10-09,0.003677915462141868,-0.007901696589227675,0.012463694333192592,0.00035294787708668973
2023-10-10,0.0018719322585313153,0.002233307576394517,-0.002137772406647601,0.00012885096847495644
2023-10-11,0.0031599074188069765,0.005707403840516089,-0.002855679571798687,0.0009146437676947884
2023-10-12,-0.007021345490453745,0.00601350403268073,-0.008874715222893634,0.010531201488516663
2023-10-13,0.001655200774980978,-0.0021330249152954977,0.006980457846223718,0.00620298273096536
2023-10-16,-0.001513098797352233,0.005824722225940639,0.00484122796185647,0.003925304591249929
2023-10-17,-0.002413950793623224,0.0046387119977560265,0.01208902768058223,-0.004810385650357999
2023-10-18,0.004352778047098633,0.01286258718484865,-0.006947616761090629,-0.0025649737459837174
2023-10-19,0.00739637255337115,-0.0037500086812425576,0.007290854037395548,-0.00047422303464251083
2023-10-20,0.008971850273001795,-0.0025370028820021263,0.00035067759183063694,-0.003877035620051768
2023-10-23,0.006574039357529525,-0.0015305952422997697,0.004030501084000682,0.0025023226249255904
2023-10-24,-0.0005486709081509184,-0.0024511107501938765,-0.008238885705522355,0.0017845442460785227
2023-10-25,0.0017636008151317153,-0.004450103748818015,0.007340409113326486,-0.005441538965273463
2023-10-26,0.0038341143589212187,-0.013813377528368715,0.003932583756659152,0.005984083545480622
2023-10-27,0.0006058897464973098,-0.0021734973686156705,-0.00019455017393108762,0.0005115516690443015
2023-10-30,0.0006538209395577218,0.0018467902984995223,0.003225563438305607,-0.008645355733711257
2023-10-31,0.00411876565938091,-0.0024661092275295535,-0.003827476505211246,-0.00025671429172484725
2023-11-01,-0.0002964132301296611,0.00967690591764555,-0.0028972004279084968,0.0014060322796145242
2023-11-02,-0.0036464346818683075,6.68790635793129e-05,-0.0023172230681269813,0.004863961807178703
2023-11-03,-0.002072365329179293,0.006455145275920678,-0.00926363930845139,-0.0016873820156330815
2023-11-06,0.003169551888668712,0.0013071020636498418,0.0043087924710168354,0.004139691337236036
2023-11-07,1.4966455999778661e-05,0.00413203654946629,0.005957968070912831,0.0009357099338510786
2023-11-08,0.0017010498843416893,0.0013962077696678113,-0.003506720748819208,-0.006575273045187897
2023-11-09,0.0033503962110109494,0.006843923159517814,0.001741015079724094,-0.007075833867412569
2023-11-10,-0.0018742073144880481,0.0002796967506620036,-0.0013277023731461815,0.005612799350746743
2023-11-13,0.0037812408181490302,0.002480603540443929,0.0016413698104051524,0.005979920891908845
2023-11-14,0.0018942130172919722,0.0018316646682502186,-0.003137886206055146,0.001614546152023615
2023-11-15,-0.006174065434557393,-0.0014414272906365941,-0.004417125780438179,0.007478533605900143
2023-11-16,0.007211523955931221,0.002024911594623384,0.005260374430118713,0.005283049245208033
2023-11-17,-0.0025037237187845807,0.01117193123098841,-0.00031935292562246297,0.0034181436473986054
2023-11-20,-0.00827547671592592,-0.0013519847104772101,0.010110544754267379,-0.004556557443668359
2023-11-21,-0.005225218547931512,0.0020973244642662416,0.00023154982397069983,0.008657143755161717
2023-11-22,-0.00510522580339161,0.006288894754347214,-0.004630390201752461,0.0026815071610413648
2023-11-23,0.00026086659328766737,0.005701266404721401,0.0061347043821796945,-0.0019291938730581083
2023-11-24,-0.001369252527731186,5.8582088596826255e-05,0.003154000820730099,-0.00334135002652649
2023-11-27,-0.0016841598382029645,-0.01191694351478681,0.003634364318482118,0.0012839189075692845
2023-11-28,0.003098509827412395,0.0025835140932423313,0.005953003394339593,-0.008355295424192274
2023-11-29,0.0016993768059635189,-0.011097371293115263,-0.0032639814692289725,0.003498366376764313
2023-11-30,0.0015802393532214313,0.007349686154706155,-0.0006362665449264378,-0.004767854073470134
2023-12-01,0.002049142286643463,0.0008473693559663029,-0.0008572491574389661,0.0018530405441214337
2023-12-04,0.0030806733400111914,0.004998370099359945,-0.006453732684578092,-0.0026081016867907977
2023-12-05,-0.010539766708887215,-0.004510555690905256,-0.0013179507507912174,-0.0013220935636235182
2023-12-06,-0.001822191261322306,-0.007762537366500272,0.006681897289384121,-0.0037845493638253244
2023-12-07,-0.01090105032244737,0.001303771920705836,0.001186690518969235,-0.0008061471559040076
2023-12-08,0.00018029963398897707,-0.0001680171997807099,-0.006730306639224939,0.00944689773008677
2023-12-11,-2.3164861121726602e-05,-0.0024577041307858286,-0.007779197058324675,0.006925298135243203
2023-12-12,0.0052276613739484015,0.00042330640366381887,0.008323880293741356,0.0017723947749772834
2023-12-13,0.005938171963605604,0.0138371794601613,-0.00045159505127564996,-0.00012647132782476182
2023-12-14,0.0010138752412618367,0.004172627736845289,-0.003237051028508087,0.004221005953464425
2023-12-15,-0.0025018053869844993,0.005247493029316595,-0.0013699588244850155,0.005649851970537783
2023-12-18,0.0024258055627286892,0.004219684457766778,-0.007386538771586661,-0.004149091911037646
2023-12-19,-0.0026395881866215676,0.007397310719260965,0.007115475747558099,-0.000387194338161011
2023-12-20,-6.963257216744495e-06,-0.0009503583645037245,-0.001965264687930148,-0.009109791147840402
2023-12-21,0.004930681584803839,-0.010273806538376468,0.00683700763869211,0.005615510551304475
2023-12-22,-0.002788856729947118,-0.000942930665030049,0.00025825857223657576,0.010325121288504277
2023-12-25,0.0040283931962125045,0.004058678549982509,0.007147659872842199,0.00040041312311542754
2023-12-26,0.003387006843461512,-0.004849001975575368,0.001283472495215427,-0.010625050624515082
2023-12-27,-0.004773959085654107,-0.0008818297524466517,0.0042661633143453795,0.0030444525828851555
2023-12-28,0.0048694706410870045,-0.0034588487150115656,0.003595465230441684,-0.004520445830745402
2023-12-29,0.0034928317268575256,0.007510146259215652,0.0031164553312598535,-0.0033167472083223
2024-01-01,0.0005096294368632872,0.003747285077032819,0.001739672385913553,0.0031328819489550193
2024-01-02,-0.0038116172901382613,0.003257703103219795,-0.0011642535805779246,0.0012727706275636218
2024-01-03,-0.00429603009287785,0.0031080065656048568,0.009577173457864302,-0.0024405438766930084
2024-01-04,-0.002688312884515112,-0.00018624626276063472,-0.0045346849254795036,-0.003248028163008322
2024-01-05,0.0027129723164598003,0.0009877814126375175,2.153821171579846e-05,0.0006291802761041637
2024-01-08,-0.00477812583700699,-0.005925922902661588,7.442937603797725e-05,-0.0020473277625618373
2024-01-09,0.00218756124309935,-0.010932209893752837,0.0020122037667176075,-0.005546185668015037
2024-01-10,-0.006208777644391963,0.0007504056517251204,-0.002147363229472506,-0.0016628159073918004
2024-01-11,-0.0010203429221942448,0.001619951281360722,0.001573731527947939,0.0016979631162759208
2024-01-12,0.0005482387728700432,0.006046322842126888,-0.0008442129260148307,-0.0008905173340981667
2024-01-15,0.012225650725294584,0.007856679080411839,-0.007909762587189496,-0.007067542991240926
2024-01-16,-0.006886578277601837,0.007849992424994734,4.776143128423228e-05,0.004945323106877697
2024-01-17,0.007360072832450667,-0.004990117966469389,-0.005502826665150759,-0.013694057184716668
2024-01-18,0.0007492120699364003,-0.0017613251747488465,-0.008671928812244505,-0.002231825775142176
2024-01-19,0.002055859590079816,0.0024016714794068976,0.0006843666034469248,-0.0031009922727695794
2024-01-22,0.0005917395669410225,0.012659523388710887,0.0024394167100978323,0.0007408943893570742
2024-01-23,0.0022236340909761653,0.00740049601856958,0.002633490210522882,0.0028083090390136774
2024-01-24,-0.0007684255218100887,0.005596985809991901,0.002835853535098471,0.005633824041305176
2024-01-25,0.007270250907287291,-0.001938939777746453,-0.009662945104703053,-0.003562024366760801
2024-01-26,-0.002282355721123612,-0.004415998155775623,-0.006805084639537348,0.002932911686667409
2024-01-29,0.005661172860896239,0.003944539416916197,0.009867607184068355,0.0009790919394073055
2024-01-30,-0.0032218356010651145,-0.0055033063211718004,-0.005236043800385181,-0.008557696875916117
2024-01-31,-0.00030125923200643474,-0.001192181754901513,0.0030542051556834457,0.00950270127717055
2024-02-01,-0.005359812761451096,-0.0005738897450096132,-0.00343468810832923,-0.007193875636200997
2024-02-02,0.0022751186017376,0.00796456044561404,0.0003983636963378223,0.002097486361548575
2024-02-05,0.007225629784632669,-0.0017734865147983878,-0.0031662710113679704,0.0019497997209887387
2024-02-06,-0.0003867808991042704,-0.012196248192863078,0.002807705773098224,0.0013781839116453855
2024-02-07,-0.0009844284935195478,0.0025222232383123417,0.0006838705865834953,-0.0024728844108080376
2024-02-08,-0.005573084815339634,-0.003495109265519632,-0.002241448868221168,0.0041362632557025115
2024-02-09,-0.0011464632677615405,0.00021315512218873407,-0.005250860598403552,-0.007801837369715478
2024-02-12,-0.007963971298607639,-0.00043352350421061825,0.0013388709874625553,-0.0003291439433696146
2024-02-13,-0.004564389933594136,-0.0013685199790888414,-0.00606359399521295,-0.0028193733827622924
2024-02-14,0.0011339302305456772,0.003951702908923519,0.0021374052106041923,-0.003386489710335158
2024-02-15,0.006595065988706981,-0.007664324391763537,0.0131324245451845,0.0021437389372677288
2024-02-16,0.014046054306147516,-0.0025850711247718014,0.00675085025631006,0.005387392713598416
2024-02-19,-0.0029329254253545036,0.0034201895655869064,0.0035917394344708144,-0.0017162788091843303
2024-02-20,0.0071765007832272,-0.003070423876721841,-0.00042803648870573833,0.0039034054496288875
2024-02-21,0.0012187624020082396,-0.008044033546349858,-0.009693763135017627,0.0002487033272229924
2024-02-22,-0.0007562382337318793,0.003342776716283679,-0.006611431979500921,-0.004463661046190043
2024-02-23,0.002162972258630761,0.005615473152207695,0.0064139642805135675,-0.0012897604662053192
2024-02-26,0.0003095824183997959,-0.0002249760382150317,-0.003948780400623899,-0.0014974294539580747
2024-02-27,0.0005519786280610927,-0.009804227992347663,-0.003496260490820233,-0.0034832995625272327
2024-02-28,-0.002041665814133346,0.003529848733494081,-0.0008282523784201072,0.0021424146432791687
2024-02-29,-0.006990548298994254,-0.00829943940709844,-0.005310231294232774,0.0011732309385237964
2024-03-01,-0.007718126012610408,0.0015439963842408286,-0.0061338436727581816,-0.007953248491347091
2024-03-04,0.003266224416406135,-0.004437319123710799,-0.0002523703639071091,-0.008257629976196789
2024-03-05,-0.001383500450428567,-0.0057991964288348265,-0.004457647273360181,0.0021234222660287717
2024-03-06,-0.0029804444982808333,-0.002209550085398451,-0.003705092898894474,-0.004076432143972673
2024-03-07,4.2528133615767834e-05,-0.0009164877821362992,-0.00390595513073503,0.0015102057755016199
2024-03-08,0.003974661264578138,-0.003221041251932241,0.002611801069172343,0.003904657890545942
2024-03-11,0.0009018197151319909,0.0029435163910757536,-0.0011606284524767864,-0.006354764187027796
2024-03-12,-0.003280274683204837,-0.002230346892294169,-0.0008928598394692685,-0.007057686272880926
2024-03-13,0.006131464778244749,0.00490095435835911,0.0029847294865444165,0.008372158411976477
2024-03-14,0.00789592751490816,0.0014058658282173973,-0.0007101980411647008,0.0017578539148122951
2024-03-15,0.0024727832766142667,-0.0034877860329815403,-0.0013912688422858643,-0.0020962032833663547
2024-03-18,0.004868317556720451,-0.00432969941916143,0.002352251777850854,-0.004669702263231318
2024-03-19,0.006209799984069056,-0.008237481495237193,0.003340989217788155,-0.002552204244536398
2024-03-20,0.005650496582022569,0.001453665889334112,-0.0007353674975430209,-0.005952861680566551
2024-03-21,0.0030704958855631184,-0.0017729377362567906,0.00040303887810260803,0.0044170608704529515
2024-03-22,0.002991735235374414,-0.011860977640317572,-0.0039089511486666405,-0.0038837557680316045
2024-03-25,0.0025983028667325133,-0.0026785743638470007,-0.004303415215822628,0.005467672941081335
2024-03-26,-0.005486688372735218,-0.00450517014627476,0.0038457375098340384,-0.0020031445988500565
2024-03-27,0.003503615784297929,0.007878387960853302,0.0022247103127231087,-0.005216750918086574
2024-03-28,-0.00677906985563277,-0.00851389305946655,0.0022764921920828806,-0.002131507940069007
2024-03-29,-0.003972997275625275,-0.007206753998670269,0.0014042717436276112,-0.013120833887507084
2024-04-01,0.006517825339040438,0.005549848215528499,0.00023101637907476787,-0.0006038428833700346
2024-04-02,0.004201100813470988,0.006783815787319816,0.0034820594541138464,-0.0008505959556507929
2024-04-03,0.007436991448429313,-0.0037249146936282076,0.004675543805113919,0.004123713732739839
2024-04-04,-0.0013583719184364611,-0.0031604291140445544,0.004556140025953238,-0.009431524639916897
2024-04-05,-0.0057612442063838375,0.003081176982766564,-0.0005038895797299342,0.005809331804317739
2024-04-08,-0.0012021859853517142,-0.011635498984726551,0.006934963649544191,0.004102996474988281
2024-04-09,0.000510156486202871,-0.009305968422527781,0.001142303408661606,0.006260217818493313
2024-04-10,0.00039494358170004846,-0.0014036670042535592,0.0031618809628289925,-0.00026360688002068707
2024-04-11,0.005668402393783508,0.00774945283064563,0.0014104394541743987,0.0050694841705137775
2024-04-12,-0.0018063521250172277,-0.002178650440833698,0.0012350335374208706,-0.007356220174534526
2024-04-15,0.0017601723590146212,0.0005046839586757731,-0.0036787599512515985,0.0035652378260226654
2024-04-16,-0.0049431357471730305,0.00566894636282006,0.0035067541917241304,-0.0038558138104997264
2024-04-17,0.002251586390219065,0.010534423666390732,0.014226471974538196,-0.008257009162114682
2024-04-18,1.5542750928183724e-05,-0.002884242365741563,-0.0018739753739504164,-0.005620702590821804
2024-04-19,-0.0037490666914225873,-8.418361866713029e-05,0.0003549735771247408,2.7655693146352864e-05
2024-04-22,-0.001179146810874264,0.009110276106714213,-0.0022310263217363117,-0.004121496041088017
2024-04-23,-0.0009208787325761083,-0.007610996375957142,-0.0024400995078096726,0.0018803676584789998
2024-04-24,-0.001350775646685481,0.005137905352769109,0.007722247390593365,-0.009041187775020087
2024-04-25,0.008856706211338418,-0.005091577661806291,-0.0033648550886373235,-0.010635487718079309
2024-04-26,-0.0004922300115393982,0.0005123618355157836,-0.0023704023668318064,0.00686193717071788
2024-04-29,-0.0012194805508866887,-0.0012130952370013714,-0.007937464118656506,0.004519000647007172
2024-04-30,-0.010487254788050708,-0.004790058003506147,-0.0037880586227112367,-0.005246484179569038
2024-05-01,-0.004471036759897387,-0.004915509638291376,-0.008541999464766739,-1.499821735269757e-05
2024-05-02,-0.0013153671222817642,0.0013820718212687725,0.0031590234960596443,0.005097535301006619
2024-05-03,-0.003429263380883214,0.00497769664081341,0.013998486109186548,0.002096003041453027
2024-05-06,0.006908537966888985,-0.0006486810159425161,-0.0018333939682526107,0.000741115480917392
2024-05-07,-0.0008246888769810932,0.00035056579366608186,-0.008333789664951187,0.005475770406562985
2024-05-08,0.006442221246591262,0.002855870331455236,0.004499998322148666,-0.003653562376006102
2024-05-09,0.00030852317025184013,-0.004858093865064799,-0.0036346247946507843,0.0001558922433231435
2024-05-10,0.00018613918210788318,0.003698462542064615,0.0064967346527677015,-8.924319146195817e-05
2024-05-13,-0.00044398223856250476,0.004096715485298735,-0.0014101452389497235,-0.0013638102383552128
2024-05-14,1.898125810729566e-05,0.01301813149375205,-0.0031590784454139037,-0.0019490275571037606
2024-05-15,0.008593975015249297,-0.0018805209527979114,-0.0008897877787284324,0.00036434118914245367
2024-05-16,-0.011598053633756092,-0.0022904090083406383,0.003788883804680936,0.0001720374799276377
2024-05-17,-0.010007728722193394,0.003844829357868728,-0.0011371031537782822,-0.005242138212672629
2024-05-20,-0.0027158541552805694,0.004095520844560691,-0.0024836235139685274,0.004008979549502237
2024-05-21,7.263940968784442e-05,-0.00267543576688356,-0.0009941580148943592,-0.0048819260388312915
2024-05-22,0.003450522123820062,-0.0020158133846502444,-0.006359275922504425,-0.0010911672227358696
2024-05-23,0.002365435990137376,0.0027056541910902023,0.001985158011469901,-0.0014764023636002575
2024-05-24,-0.001921229564402851,-0.0041379212036733075,-0.008933632969224552,0.0017905180632960794
2024-05-27,0.005095218466208812,-0.0020526699400750747,-0.002220607271827577,-0.010595519701086664
2024-05-28,0.005150977015763654,0.00044796383684217326,0.0037969260441537162,0.004454549074647291
2024-05-29,0.0009202891563578276,0.004979693424111291,0.001515241414663584,-0.003384951738060821
2024-05-30,0.004813287862434206,-0.003022993080897704,0.0029516028649319514,0.006099816473885271
2024-05-31,0.001363226317160644,-0.00921192231015336,-0.00032522836359404555,-0.002390824622580772
2024-06-03,-0.0028074151339144184,-0.009582987337591055,0.005848730904927584,-0.00024421792867005256
2024-06-04,0.0034890841950000234,-0.006297065333530667,0.00462349598384896,0.00956893020034212
2024-06-05,0.0005530656128933885,-0.006565838590999687,0.002230705021238373,-0.0013866910439683422
2024-06-06,6.699233772434646e-06,-0.0007730537930995451,0.004637728886567715,0.006194249423367294
2024-06-07,0.0073647678609478715,-0.0059444007679880255,0.0037521177720178838,0.00019522542782280048
2024-06-10,-0.012254360642700433,-0.0035137747991060204,-0.0021973175667344513,0.0020770941514674478
2024-06-11,-0.007088420850797849,-0.003870429424910249,-0.006719494558456668,0.0003497929470568725
2024-06-12,-0.005935352131871851,-0.0022025393042399673,0.002101810629213119,0.00423925813150062
2024-06-13,-0.0018163032378440281,0.006612521657615612,0.0027304461541571433,-0.0034276580642652564
2024-06-14,-0.0012730408488301507,0.0033097379471525835,0.005452359955692827,-0.004920242615095927
2024-06-17,-0.0075366282388652376,8.064707638001936e-05,-0.004681606375226468,-0.003192880951885109
2024-06-18,-0.004925790161554131,-0.0023051314029041907,-0.0045321552963858164,0.0004985518816204552
2024-06-19,-0.004304208392617851,-0.002166163283115106,0.0022995013315388517,-0.0011040939277516472
2024-06-20,0.012287120460379459,0.0016387323497597476,-0.00035583494426543323,0.0035513743823558826
2024-06-21,0.009008709738735732,0.002920845366761451,-0.00942880805285564,0.0065236584991076
2024-06-24,-0.0020587470884232467,-0.004538087530503002,0.0018755408187709538,-0.004879191686175043
2024-06-25,-0.0018179164515339946,0.00018240377807115743,-0.009262114574944772,-0.0036697439580696627
2024-06-26,-0.005746019985941471,-0.010158097843315134,-0.004726282759366881,-0.00718119709156427
2024-06-27,-0.009540652066126334,0.0010585689208529852,0.0067584068643005354,0.01015186495379552
2024-06-28,-0.0005844009320426202,0.0038107462097934303,0.009124395089035576,0.0015233474956091342
2024-07-01,-0.004989259916220129,-0.001400343134404377,-0.006078281842359808,0.002399011600257889
2024-07-02,-0.00042425265831004885,0.009082634980700527,-0.0016469576870634713,-0.006701041925155241
2024-07-03,-0.008001029245217388,-0.004406192237180252,0.00021311261539352992,-5.8499450343731665e-06
2024-07-04,-0.003809872291551289,0.0010872020765163063,0.00890613463790784,0.0025462399220654262
2024-07-05,0.0007431354765141543,-0.00017912373332977738,-0.0024643447391220078,-0.001263788452672125
2024-07-08,0.0018310479889196872,-0.0005014883372170416,-0.0023844201151663907,0.0053785281241319725
2024-07-09,0.002087359793710073,-0.0005716108400237381,0.007743627792314309,0.011559155628214149
2024-07-10,-0.006602444920785187,0.0005355251500473583,-0.0018739457635912901,-0.0047353141354697596
2024-07-11,0.004273428650677809,0.004239793717318499,0.0036110085448322875,-0.005110436229883484
2024-07-12,-0.0040010584830092516,0.006888681181373721,-0.007385714825562138,-0.004388780327642883
2024-07-15,0.003164289573036532,-1.1251222520786952e-05,-0.0008561637204616312,0.008030995800082454
2024-07-16,-5.319338309096574e-05,0.004076580360858166,-0.008297984191632022,0.005211776585148422
2024-07-17,-0.00688193749538974,-0.0035088347313339124,-0.005277168904778522,-0.0006776390889682423
2024-07-18,-0.0015809885229059399,0.003829777263631165,0.004196006775761317,0.00018279832200437138
2024-07-19,0.001826818710318838,-0.0038099576191349517,-0.0002495269554335632,-0.004082718130983607
2024-07-22,0.0030648269023729954,0.005453299680440661,-0.0015955287027648731,0.004450135788715921
2024-07-23,-0.0007049394872220931,0.011053204386966197,-0.003743748119904588,-0.0018995091205427687
2024-07-24,0.007658894453005264,-0.000610419439856959,-0.0011032803662064138,-0.0013003826972749965
2024-07-25,0.005037553854932795,-0.010962717454037043,0.0015055658355034682,0.003043948857646284
2024-07-26,-0.0012832705819987643,-0.002740364666224115,0.004914581032308809,-0.0009399746904161059
2024-07-29,0.0037506090606847227,0.006159375671446516,-0.013125733420484011,-0.001174829967489232
2024-07-30,0.009668967425940934,0.0027653839351262244,-0.0041588058713140485,5.2876027645375376e-05
2024-07-31,0.009802423003915135,0.0012445679933751478,0.0007954812109450286,0.003976777068965383
2024-08-01,-0.0061399994041124875,0.0050433417797741955,-0.0004943155798114293,0.008232465377419167
2024-08-02,-0.004632665555785754,0.00242226719624211,0.002016881212633625,0.00292743116123041
2024-08-05,0.007424593933669255,0.006088625937255682,0.0013377014306327692,0.004016571118121335
2024-08-06,-0.005291405254188186,0.004597118383234928,-0.0015243393149670362,-0.0009992703105056219
2024-08-07,-0.006612705666458395,0.007608502263684794,-0.0026342659799358853,-0.003538989315843585
2024-08-08,-0.0024309706534952342,0.0017939804195312716,-0.0012275074486775045,0.0032699311611755757
2024-08-09,0.002101133547372929,0.004526297007469773,0.005743711749113713,0.0008562041230028568
2024-08-12,-0.0005119835330554818,-0.0015356353654289272,-0.0036600396645285723,-0.007113143243748747
2024-08-13,-0.0032528181020279605,-0.0030073040577950293,-0.00031403361571977743,-0.0016403481171279903
2024-08-14,-0.0033710623086225452,0.008533838202094867,0.0009167110699921051,-0.00041448511740776794
2024-08-15,-0.0035616853220635436,0.0010810233816134403,0.0078017546493722905,-0.0025522893351423936
2024-08-16,-0.004397548143294713,0.004024402829311895,-0.0015015412911815662,0.007408677972710637
2024-08-19,0.011408164386380308,0.0006187000720569508,0.0047940332800548045,0.0023991951845110837
2024-08-20,0.0014875553559277747,-0.0029325782545998216,0.0061598970163251115,0.006865874589443239
2024-08-21,0.0044337952720236926,5.4914462912006615e-05,-0.00031877132495324126,0.0013171263082607978
2024-08-22,-0.0024453873405946187,0.007179970088838571,-0.0010535948953838126,0.0004069391821253886
2024-08-23,-0.0009297833859302444,0.00277620037139712,-0.0016452683602410805,-0.004682989088051246
2024-08-26,-0.003567769906851775,-0.008557365798652296,-0.0012791156712129118,5.9647665982833605e-05
2024-08-27,-0.01325854167459601,-0.0010762222828807737,0.004271199302884164,6.526962837720097e-05
2024-08-28,-0.006890046384239332,0.00891146896352356,0.0011550498862775696,-0.006835569420171166
2024-08-29,-0.009053093399901974,-0.0010689843092497803,0.0011764485458493471,-0.0026976373488519743
2024-08-30,-0.011248918889758038,-0.009002393458670903,-0.005626117551899175,-0.001616412992581812
2024-09-02,-0.005976794871490514,0.009465244427112718,-0.004837450386876173,0.0020673977202786075
2024-09-03,0.006624778396908154,0.0034119625490639633,0.0107172341238849,0.002306750559928531
2024-09-04,-0.0002221808385217721,-0.00035006429406400196,-0.000889128626443448,-0.002906592409826024
2024-09-05,0.006452818811605871,-0.001857088680410343,-0.003873859977891801,0.0023443480127094242
2024-09-06,0.0020549128845043767,0.005411759648958677,0.007155495827946487,-0.000910394646742585
2024-09-09,0.0039127941285757965,-0.0027099170011309626,0.0014090427434177604,-0.014348100124274784
2024-09-10,-0.004504484976522876,0.005741282122579941,0.002890774584322608,-0.0024235101597577116
2024-09-11,0.002619754770963354,0.0027109764286212803,-0.0006902353764076679,0.0053949432007118926
2024-09-12,0.0036435711703717293,0.0012234096274367496,-0.0015933654528840209,-0.008409028783138399
2024-09-13,-0.002883236461168465,0.0007275740266779768,-0.0008479318624864518,0.0005634560020777011
2024-09-16,0.0027977018530808318,-0.0008748401835708907,-0.006913690851493134,0.007926306070926436
2024-09-17,0.0028309387928741646,0.005228200601046329,-0.0004396370470994874,-0.0038030647650524035
2024-09-18,-0.0027477631056504145,-0.004326714160509171,0.0014801653852130868,1.0745402138429305e-05
2024-09-19,-0.005613842161354975,-0.008109625634151046,0.00925231616921877,-0.006520081286139606
2024-09-20,-0.005920641659491362,0.003072200614462373,0.00042999532502607747,0.00813615570831786
2024-09-23,0.00043252770960730894,0.003156191640335739,-0.011670885211051526,-0.00041666313498307144
2024-09-24,0.001635049343946574,0.0024012057625588334,-0.0004699271639231071,0.00023313421397009077
2024-09-25,-0.003962629152289572,0.0020386418480901943,0.01369752066554153,0.006771502327528112
2024-09-26,0.0001329267066304932,-0.0016027018916877393,0.004331831174925199,0.0033073919732274056
2024-09-27,0.002852685180692427,0.003937413521927626,-0.004054444719042943,-0.004378143662483699
2024-09-30,0.0030909535733265043,-0.0002277906337727044,0.0029555325721527838,-0.0032363896204365794
2024-10-01,0.007759400600612443,-0.0024355678040758905,-0.003710067124448702,0.0024746565226164935
2024-10-02,0.006384904160990217,-0.0015594565612769996,-0.006769037597734288,-0.0031206052753147
2024-10-03,-0.005006457163782721,0.01010319849387916,-0.001741846816170361,-0.010586216560602634
2024-10-04,0.008417931047690112,-0.008674880410227164,0.00045763219619430605,-0.00026620399319538895
2024-10-07,-0.002654882522778574,0.0024989405214789944,-0.00936077751216698,-0.007401063305624047
2024-10-08,0.0052243640622721375,-0.008395552138118587,-0.005745796452693179,0.00808140876781863
2024-10-09,0.00033993313025544423,-0.0005411666916148661,5.167781591177363e-05,0.0008839381888157635
2024-10-10,-0.002060746892284838,-0.0021681374257709386,-0.002040865879944771,-0.004525875283717878
2024-10-11,-0.009038484298874664,-0.010425141483399389,0.001974056355730454,-0.0034931620733122688
2024-10-14,-0.000857822551081741,0.001945187952168815,-0.0060733416365428075,-0.009446987939369602
2024-10-15,-0.007796916176528045,-0.0019001903109609794,0.0035705687427665033,-0.005497309433902519
2024-10-16,0.004836496179213862,-0.01049603171280622,-0.005918795485300975,0.005081616012703496
2024-10-17,0.00758396328569624,0.0041978404538712604,0.00821367150968815,0.011158930727461958
2024-10-18,-0.003984554946483451,0.007175030889944675,-0.008578791421891583,0.0036319825659947924
2024-10-21,0.0015098537125963556,0.00745062171148286,-0.005462771351917063,-0.00046021269310514586
2024-10-22,-0.0036269576100398772,0.0017947822032573558,0.002086854015159146,-0.002159796878269583
2024-10-23,-0.0031424236506839482,0.00023029069288557746,0.00832116625748819,-0.004782479067881811
2024-10-24,0.0038724735193268567,0.006640783104478984,0.0015752151805808537,0.010298829496698704
2024-10-25,-0.00019269130921706256,0.008411917926700492,0.002814289600911956,-0.0009437435093218745
2024-10-28,0.008698240209655058,0.005667843514378125,8.76845083652924e-05,0.010578149150312521
2024-10-29,-0.002411162393514605,-0.004707688011149006,-0.005131992270575967,0.0069675975480503055
2024-10-30,0.004996681662372446,0.0010067242660746095,-0.0024506917411968965,-0.008703982156731368
2024-10-31,0.0004870670647889099,0.002197580721457143,-0.006059548599906384,-0.003329761978796459
2024-11-01,0.003978890048721166,-0.009048084844586147,-0.006393549838884358,-0.0033452256208691116
2024-11-04,-0.0022357882866497337,0.0023468032981038708,0.002008744596598732,-0.00039923182052869734
2024-11-05,-0.00024779418775791357,0.011364959129896946,-0.005615889910439808,-0.00030157126556876743
2024-11-06,-0.0005774943964946738,0.003199680829003957,0.001597770033616807,0.014981195476990714
2024-11-07,-0.004180285574228936,0.007367065407208781,-0.006509113761105488,-0.005386139372373794
2024-11-08,0.0033104076729087635,0.0009145736506435254,0.0014819151005837734,0.00114484967832195
2024-11-11,0.003251245027891821,-0.00036609161991910745,-0.0024434128448148126,0.003082538712339016
2024-11-12,0.0029677734745278336,0.0019063569504048775,0.007033077668253222,-7.860022345980913e-06
2024-11-13,0.007684828269588224,-0.004079133239922163,0.001618594477895325,0.0005509028889067901
2024-11-14,0.0072467240061815175,-0.004818875936171943,0.0061789144649707075,-0.005224044471532936
2024-11-15,-0.001874723449245677,0.006331522785846829,-0.0037782335821259627,0.0005324309730134089
2024-11-18,0.0018652615921708913,0.006861711714332592,0.0002807167012208364,0.0025569949808718594
2024-11-19,-0.0031180034462910634,-0.004955531577936752,-0.004905435790581392,0.001638002921355643
2024-11-20,0.00011677658057277728,0.004839994022769322,-0.0020680262137220905,0.0028510045195604575
2024-11-21,-0.002998747245594324,-0.00043479987803010455,-0.0013105211137231455,0.00706303950318116
2024-11-22,0.008100351545680255,0.0016990428724521528,-0.0036292911034356964,0.004684832709571709
2024-11-25,0.0018184907517148142,0.002301093197175317,-0.006077514294228476,0.0003564730674871848
2024-11-26,-0.0010901456405221107,0.004971752340621592,-0.007067586618263264,-0.0058587917594163895
2024-11-27,0.005968092859281885,0.0004135910093159444,-0.011698740578536987,-0.0030000263735555973
2024-11-28,-0.010853077048977058,0.00705080997650968,-0.005281732317517289,-0.0010981557595870768
2024-11-29,-0.01007051297432645,0.0015470641987996236,0.003137469483359223,0.0012617291567072367
2024-12-02,0.00397919327609887,0.0031209213623476628,-0.007992492660066415,-0.0023916638074969756
2024-12-03,0.0003023422405868403,-0.0041663129576862325,-0.006840614231266525,-0.0046786659959217585
2024-12-04,0.0012522315013038033,0.01079329505352417,0.008954492856164576,-0.005940993445601686
2024-12-05,-0.006631980516592743,0.002349124616024832,-0.00318248024924127,-0.008255888795277656
2024-12-06,-0.00011616855425183101,0.0035649871267254963,0.001605230045824179,-0.0011747535188728444
2024-12-09,0.01001754705200671,-0.008040929056057708,0.0032115857325024735,-0.007348327210351525
2024-12-10,0.004120998098979314,-0.004113510115395505,0.0033126306489064013,-0.005002628420786961
2024-12-11,0.0008485327257140606,0.006189418439593653,-0.0076115711530402985,-0.0019695093642215127
2024-12-12,-0.0021952695505246885,0.0014344555914630236,-0.001155298399497451,-0.006679586546957169
2024-12-13,-0.001972864259346969,-0.00956889867414463,-0.008091136347591961,0.001898760942493485
2024-12-16,-0.010645989446000089,0.0051914496449190954,0.012231589294551617,0.003701115318028436
2024-12-17,0.001288202104605803,-0.002718914021763617,-0.007974376320078,-0.002747135098876993
2024-12-18,0.004227415542409269,0.007056584929383561,-0.005239201094349101,-0.002185136538050009
2024-12-19,-0.007878096635853076,-0.0004391783930184983,-0.005203004274207524,0.0026871488506953873
2024-12-20,-0.00330708446153408,0.0010235334301026498,-0.007483302383614402,-0.0035699754861733954
2024-12-23,-0.0057873231611671105,0.0058947728929582425,0.006762969548782727,-0.003913669557986475
2024-12-24,-0.004826755974043818,-0.004487464854273312,0.012112239505417479,0.005982492390931452
2024-12-25,0.0002674081341095011,-0.004964234039169698,-0.002378745596563087,0.004420938693563936
2024-12-26,-0.010422010774942371,-0.0009824921019905366,-0.006602115734222051,0.0030077500117195975
2024-12-27,0.0030713521917853197,0.004135863998106111,-0.011184627493630106,0.0046282231069704645
2024-12-30,0.0037692753496684113,-0.006654386263067453,-0.0012205435926105075,-0.009886393626836815
2024-12-31,-0.0012555129401845624,-0.008340172999445483,-0.0015818271158072191,0.006769177733965537
2025-01-01,-0.012403542549922708,0.004118604635218961,-0.003256480631800723,0.001960310582918711
